province,date,confirm,dead,heal,confirm_add,newConfirm,newHeal,newDead
重庆,1.20,0,0,0,0,0,0,0
浙江,1.2,0,0,0,0,0,0,0
云南,1.2,0,0,0,0,0,0,0
新疆,1.2,0,0,0,0,0,0,0
香港,1.2,0,0,0,0,0,0,0
西藏,1.2,0,0,0,0,0,0,0
天津,1.2,0,0,0,0,0,0,0
台湾,1.2,0,0,0,0,0,0,0
四川,1.2,0,0,0,0,0,0,0
上海,1.2,0,0,0,0,0,0,0
陕西,1.2,0,0,0,0,0,0,0
山西,1.2,0,0,0,0,0,0,0
山东,1.2,0,0,0,0,0,0,0
青海,1.2,0,0,0,0,0,0,0
宁夏,1.2,0,0,0,0,0,0,0
内蒙古,1.2,0,0,0,0,0,0,0
辽宁,1.2,0,0,0,0,0,0,0
江西,1.2,0,0,0,0,0,0,0
江苏,1.2,0,0,0,0,0,0,0
吉林,1.2,0,0,0,0,0,0,0
湖南,1.2,0,0,0,0,0,0,0
湖北,1.2,270,6,25,72,0,0,0
黑龙江,1.2,0,0,0,0,0,0,0
河南,1.2,0,0,0,0,0,0,0
河北,1.2,0,0,0,0,0,0,0
海南,1.2,0,0,0,0,0,0,0
贵州,1.2,0,0,0,0,0,0,0
广西,1.2,0,0,0,0,0,0,0
广东,1.2,0,0,0,0,0,0,0
甘肃,1.2,0,0,0,0,0,0,0
福建,1.2,0,0,0,0,0,0,0
北京,1.2,0,0,0,0,0,0,0
澳门,1.2,0,0,0,0,0,0,0
安徽,1.2,0,0,0,0,0,0,0
重庆,1.21,6,0,0,0,0,0,0
浙江,1.21,0,0,0,0,0,0,0
云南,1.21,0,0,0,0,0,0,0
新疆,1.21,0,0,0,0,0,0,0
香港,1.21,0,0,0,0,0,0,0
西藏,1.21,0,0,0,0,0,0,0
天津,1.21,0,0,0,0,0,0,0
台湾,1.21,0,0,0,0,0,0,0
四川,1.21,0,0,0,0,0,0,0
上海,1.21,0,0,0,0,0,0,0
陕西,1.21,0,0,0,0,0,0,0
山西,1.21,0,0,0,0,0,0,0
山东,1.21,0,0,0,0,0,0,0
青海,1.21,0,0,0,0,0,0,0
宁夏,1.21,0,0,0,0,0,0,0
内蒙古,1.21,0,0,0,0,0,0,0
辽宁,1.21,0,0,0,0,0,0,0
江西,1.21,0,0,0,0,0,0,0
江苏,1.21,0,0,0,0,0,0,0
吉林,1.21,0,0,0,0,0,0,0
湖南,1.21,0,0,0,0,0,0,0
湖北,1.21,375,9,28,105,105,3,3
黑龙江,1.21,0,0,0,0,0,0,0
河南,1.21,1,0,0,0,0,0,0
河北,1.21,0,0,0,0,0,0,0
海南,1.21,0,0,0,0,0,0,0
贵州,1.21,0,0,0,0,0,0,0
广西,1.21,0,0,0,0,0,0,0
广东,1.21,26,0,0,9,0,0,0
甘肃,1.21,0,0,0,0,0,0,0
福建,1.21,0,0,0,0,0,0,0
北京,1.21,0,0,0,0,0,0,0
澳门,1.21,0,0,0,0,0,0,0
安徽,1.21,0,0,0,0,0,0,0
重庆,1.22,9,0,0,3,3,0,0
浙江,1.22,0,0,0,0,0,0,0
云南,1.22,0,0,0,0,0,0,0
新疆,1.22,0,0,0,0,0,0,0
香港,1.22,1,0,0,1,1,0,0
西藏,1.22,0,0,0,0,0,0,0
天津,1.22,0,0,0,0,0,0,0
台湾,1.22,1,0,0,1,1,0,0
四川,1.22,0,0,0,0,0,0,0
上海,1.22,0,0,0,0,0,0,0
陕西,1.22,0,0,0,0,0,0,0
山西,1.22,0,0,0,0,0,0,0
山东,1.22,0,0,0,0,0,0,0
青海,1.22,0,0,0,0,0,0,0
宁夏,1.22,1,0,0,0,0,0,0
内蒙古,1.22,0,0,0,0,0,0,0
辽宁,1.22,0,0,0,0,0,0,0
江西,1.22,3,0,0,1,0,0,0
江苏,1.22,1,0,0,1,0,0,0
吉林,1.22,0,0,0,0,0,0,0
湖南,1.22,0,0,0,0,0,0,0
湖北,1.22,444,17,28,69,69,0,8
黑龙江,1.22,0,0,0,0,0,0,0
河南,1.22,5,0,0,4,4,0,0
河北,1.22,0,0,0,0,0,0,0
海南,1.22,0,0,0,0,0,0,0
贵州,1.22,0,0,0,0,0,0,0
广西,1.22,5,0,0,0,0,0,0
广东,1.22,32,0,0,6,6,0,0
甘肃,1.22,0,0,0,0,0,0,0
福建,1.22,0,0,0,0,0,0,0
北京,1.22,0,0,0,0,0,0,0
澳门,1.22,1,0,0,1,1,0,0
安徽,1.22,0,0,0,0,0,0,0
重庆,1.23,27,0,0,18,18,0,0
浙江,1.23,0,0,0,0,0,0,0
云南,1.23,0,0,0,0,0,0,0
新疆,1.23,2,0,0,2,2,0,0
香港,1.23,2,0,0,1,1,0,0
西藏,1.23,0,0,0,0,0,0,0
天津,1.23,0,0,0,0,0,0,0
台湾,1.23,1,0,0,0,0,0,0
四川,1.23,0,0,0,0,0,0,0
上海,1.23,0,0,0,0,0,0,0
陕西,1.23,0,0,0,0,0,0,0
山西,1.23,0,0,0,0,0,0,0
山东,1.23,0,0,0,0,0,0,0
青海,1.23,0,0,0,0,0,0,0
宁夏,1.23,2,0,0,1,1,0,0
内蒙古,1.23,0,0,0,0,0,0,0
辽宁,1.23,0,0,0,0,0,0,0
江西,1.23,7,0,0,4,4,0,0
江苏,1.23,9,0,1,4,4,1,0
吉林,1.23,0,0,0,0,0,0,0
湖南,1.23,24,0,0,15,0,0,0
湖北,1.23,549,24,31,105,105,3,7
黑龙江,1.23,0,0,0,0,0,0,0
河南,1.23,9,0,0,4,4,0,0
河北,1.23,0,0,0,0,0,0,0
海南,1.23,0,0,0,0,0,0,0
贵州,1.23,3,0,0,0,0,0,0
广西,1.23,13,0,0,8,8,0,0
广东,1.23,53,0,2,21,21,2,0
甘肃,1.23,0,0,0,0,0,0,0
福建,1.23,0,0,0,0,0,0,0
北京,1.23,0,0,0,0,0,0,0
澳门,1.23,2,0,0,1,1,0,0
安徽,1.23,15,0,0,0,0,0,0
重庆,1.24,58,0,0,30,30,0,0
浙江,1.24,62,0,0,19,0,0,0
云南,1.24,0,0,0,0,0,0,0
新疆,1.24,3,0,0,1,1,0,0
香港,1.24,5,0,0,3,3,0,0
西藏,1.24,0,0,0,0,0,0,0
天津,1.24,0,0,0,0,0,0,0
台湾,1.24,3,0,0,2,2,0,0
四川,1.24,0,0,0,0,0,0,0
上海,1.24,0,0,0,0,0,0,0
陕西,1.24,0,0,0,0,0,0,0
山西,1.24,6,0,0,5,0,0,0
山东,1.24,0,0,0,0,0,0,0
青海,1.24,1,0,0,0,0,0,0
宁夏,1.24,3,0,0,1,1,0,0
内蒙古,1.24,0,0,0,0,0,0,0
辽宁,1.24,0,0,0,0,0,0,0
江西,1.24,18,0,0,11,11,0,0
江苏,1.24,18,0,1,9,9,0,0
吉林,1.24,0,0,0,0,0,0,0
湖南,1.24,43,0,0,19,19,0,0
湖北,1.24,729,39,32,180,180,1,15
黑龙江,1.24,0,0,0,0,0,0,0
河南,1.24,32,0,0,23,23,0,0
河北,1.24,0,0,0,0,0,0,0
海南,1.24,11,0,0,3,0,0,0
贵州,1.24,4,0,0,1,1,0,0
广西,1.24,23,0,0,10,10,0,0
广东,1.24,78,0,2,25,25,0,0
甘肃,1.24,0,0,0,0,0,0,0
福建,1.24,0,0,0,0,0,0,0
北京,1.24,0,0,0,0,0,0,0
澳门,1.24,2,0,0,0,0,0,0
安徽,1.24,39,0,0,24,24,0,0
重庆,1.25,75,0,0,18,18,0,0
浙江,1.25,104,0,0,42,42,0,0
云南,1.25,0,0,0,0,0,0,0
新疆,1.25,4,0,0,1,1,0,0
香港,1.25,5,0,0,0,0,0,0
西藏,1.25,0,0,0,0,0,0,0
天津,1.25,0,0,0,0,0,0,0
台湾,1.25,3,0,0,0,0,0,0
四川,1.25,0,0,0,0,0,0,0
上海,1.25,0,0,0,0,0,0,0
陕西,1.25,0,0,0,0,0,0,0
山西,1.25,9,0,0,3,3,0,0
山东,1.25,0,0,0,0,0,0,0
青海,1.25,1,0,0,1,1,0,0
宁夏,1.25,4,0,0,1,1,0,0
内蒙古,1.25,0,0,0,0,0,0,0
辽宁,1.25,0,0,0,0,0,0,0
江西,1.25,36,0,0,18,18,0,0
江苏,1.25,31,0,1,13,13,0,0
吉林,1.25,0,0,0,0,0,0,0
湖南,1.25,69,0,0,26,26,0,0
湖北,1.25,1052,52,42,323,323,10,13
黑龙江,1.25,0,0,0,0,0,0,0
河南,1.25,83,1,0,51,51,0,1
河北,1.25,0,0,0,0,0,0,0
海南,1.25,20,0,0,9,9,0,0
贵州,1.25,5,0,0,1,1,0,0
广西,1.25,33,0,0,10,10,0,0
广东,1.25,78,0,2,25,25,0,0
甘肃,1.25,7,0,0,3,0,0,0
福建,1.25,0,0,0,0,0,0,0
北京,1.25,0,0,0,0,0,0,0
澳门,1.25,2,0,0,0,0,0,0
安徽,1.25,60,0,0,21,21,0,0
重庆,1.26,110,0,0,35,35,0,0
浙江,1.26,128,0,0,24,24,0,0
云南,1.26,0,0,0,0,0,0,0
新疆,1.26,5,0,0,1,1,0,0
香港,1.26,8,0,0,3,3,0,0
西藏,1.26,0,0,0,0,0,0,0
天津,1.26,14,0,0,4,0,0,0
台湾,1.26,4,0,0,1,1,0,0
四川,1.26,0,0,0,0,0,0,0
上海,1.26,0,0,0,0,0,0,0
陕西,1.26,0,0,0,0,0,0,0
山西,1.26,13,0,0,4,4,0,0
山东,1.26,0,0,0,0,0,0,0
青海,1.26,4,0,0,3,3,0,0
宁夏,1.26,7,0,0,3,3,0,0
内蒙古,1.26,11,0,0,4,0,0,0
辽宁,1.26,0,0,0,0,0,0,0
江西,1.26,48,0,0,12,12,0,0
江苏,1.26,47,0,1,16,16,0,0
吉林,1.26,0,0,0,0,0,0,0
湖南,1.26,100,0,0,31,31,0,0
湖北,1.26,1423,76,44,371,371,2,24
黑龙江,1.26,0,0,0,0,0,0,0
河南,1.26,128,1,0,45,45,0,0
河北,1.26,0,0,0,0,0,0,0
海南,1.26,27,0,0,7,7,0,0
贵州,1.26,7,0,0,2,2,0,0
广西,1.26,46,0,0,13,13,0,0
广东,1.26,146,0,2,48,48,0,0
甘肃,1.26,14,0,0,7,7,0,0
福建,1.26,0,0,0,0,0,0,0
北京,1.26,0,0,0,0,0,0,0
澳门,1.26,5,0,0,3,3,0,0
安徽,1.26,70,0,0,10,10,0,0
重庆,1.27,132,0,0,22,22,0,0
浙江,1.27,173,0,1,45,45,1,0
云南,1.27,0,0,0,0,0,0,0
新疆,1.27,10,0,0,5,5,0,0
香港,1.27,8,0,0,0,0,0,0
西藏,1.27,0,0,0,0,0,0,0
天津,1.27,23,0,0,9,9,0,0
台湾,1.27,5,0,0,1,1,0,0
四川,1.27,90,0,0,21,0,0,0
上海,1.27,0,0,0,0,0,0,0
陕西,1.27,0,0,0,0,0,0,0
山西,1.27,20,0,0,7,7,0,0
山东,1.27,0,0,0,0,0,0,0
青海,1.27,6,0,0,2,2,0,0
宁夏,1.27,11,0,0,4,4,0,0
内蒙古,1.27,13,0,0,2,2,0,0
辽宁,1.27,0,0,0,0,0,0,0
江西,1.27,72,0,2,24,24,2,0
江苏,1.27,70,0,1,23,23,0,0
吉林,1.27,8,0,0,2,0,0,0
湖南,1.27,143,0,0,43,43,0,0
湖北,1.27,2714,100,47,1291,1291,3,24
黑龙江,1.27,0,0,0,0,0,0,0
河南,1.27,168,1,0,40,40,0,0
河北,1.27,0,0,0,0,0,0,0
海南,1.27,38,0,1,11,11,1,0
贵州,1.27,9,0,0,2,2,0,0
广西,1.27,51,0,0,5,5,0,0
广东,1.27,188,0,4,42,42,2,0
甘肃,1.27,19,0,0,5,5,0,0
福建,1.27,0,0,0,0,0,0,0
北京,1.27,0,0,0,0,0,0,0
澳门,1.27,7,0,0,2,2,0,0
安徽,1.27,106,0,0,36,36,0,0
重庆,1.28,147,0,0,15,15,0,0
浙江,1.28,296,0,3,123,123,2,0
云南,1.28,0,0,0,0,0,0,0
新疆,1.28,13,0,0,3,3,0,0
香港,1.28,8,0,0,0,0,0,0
西藏,1.28,0,0,0,0,0,0,0
天津,1.28,24,0,0,1,1,0,0
台湾,1.28,8,0,0,3,3,0,0
四川,1.28,108,0,0,18,18,0,0
上海,1.28,0,0,0,0,0,0,0
陕西,1.28,0,0,0,0,0,0,0
山西,1.28,27,0,0,7,7,0,0
山东,1.28,121,0,0,26,0,0,0
青海,1.28,6,0,0,0,0,0,0
宁夏,1.28,12,0,0,1,1,0,0
内蒙古,1.28,16,0,0,3,3,0,0
辽宁,1.28,0,0,0,0,0,0,0
江西,1.28,109,0,3,37,37,1,0
江苏,1.28,99,0,1,29,29,0,0
吉林,1.28,9,0,0,1,1,0,0
湖南,1.28,221,0,0,78,78,0,0
湖北,1.28,3554,125,80,840,840,33,25
黑龙江,1.28,0,0,0,0,0,0,0
河南,1.28,206,1,2,38,38,2,0
河北,1.28,0,0,0,0,0,0,0
海南,1.28,43,1,1,5,5,0,1
贵州,1.28,9,0,0,0,0,0,0
广西,1.28,58,0,2,7,7,2,0
广东,1.28,241,0,5,53,53,1,0
甘肃,1.28,24,0,0,5,5,0,0
福建,1.28,82,0,0,0,0,0,0
北京,1.28,102,1,4,11,0,0,0
澳门,1.28,7,0,0,0,0,0,0
安徽,1.28,152,0,0,46,46,0,0
重庆,1.29,165,0,1,18,18,1,0
浙江,1.29,428,0,4,132,132,1,0
云南,1.29,70,0,0,19,0,0,0
新疆,1.29,14,0,0,1,1,0,0
香港,1.29,10,0,0,2,2,0,0
西藏,1.29,1,0,0,1,1,0,0
天津,1.29,27,0,0,3,3,0,0
台湾,1.29,8,0,0,0,0,0,0
四川,1.29,142,1,1,34,34,1,1
上海,1.29,0,0,0,0,0,0,0
陕西,1.29,56,0,0,10,0,0,0
山西,1.29,35,0,1,8,8,1,0
山东,1.29,145,0,1,24,24,1,0
青海,1.29,6,0,0,0,0,0,0
宁夏,1.29,12,0,0,1,1,0,0
内蒙古,1.29,18,0,0,2,2,0,0
辽宁,1.29,0,0,0,0,0,0,0
江西,1.29,162,0,3,53,53,0,0
江苏,1.29,129,0,1,30,30,0,0
吉林,1.29,14,0,0,5,5,0,0
湖南,1.29,277,0,0,56,56,0,0
湖北,1.29,4586,162,90,1032,1032,10,37
黑龙江,1.29,0,0,0,0,0,0,0
河南,1.29,278,2,2,72,72,0,1
河北,1.29,65,1,0,17,0,0,0
海南,1.29,46,1,1,3,3,0,0
贵州,1.29,12,0,0,3,3,0,0
广西,1.29,78,0,2,20,20,0,0
广东,1.29,311,0,6,70,70,1,0
甘肃,1.29,26,0,0,2,2,0,0
福建,1.29,101,0,0,19,19,0,0
北京,1.29,111,1,4,9,9,0,0
澳门,1.29,7,0,0,0,0,0,0
安徽,1.29,200,0,2,48,48,2,0
重庆,1.3,206,0,1,41,41,0,0
浙江,1.3,537,0,9,109,109,5,0
云南,1.3,80,0,0,10,10,0,0
新疆,1.3,17,0,0,3,3,0,0
香港,1.3,12,0,0,2,2,0,0
西藏,1.3,1,0,0,0,0,0,0
天津,1.3,31,0,0,4,4,0,0
台湾,1.3,9,0,0,1,1,0,0
四川,1.3,177,1,1,36,36,0,0
上海,1.3,0,0,0,0,0,0,0
陕西,1.3,63,0,0,7,7,0,0
山西,1.3,39,0,1,4,4,0,0
山东,1.3,178,0,2,33,33,1,0
青海,1.3,8,0,0,2,2,0,0
宁夏,1.3,21,0,0,4,4,0,0
内蒙古,1.3,20,0,0,2,2,0,0
辽宁,1.3,0,0,0,0,0,0,0
江西,1.3,240,0,7,78,78,4,0
江苏,1.3,168,0,2,39,39,1,0
吉林,1.3,14,0,1,0,0,1,0
湖南,1.3,332,0,2,55,55,2,0
湖北,1.3,5806,204,116,1220,1220,26,42
黑龙江,1.3,0,0,0,0,0,0,0
河南,1.3,352,2,3,74,74,1,0
河北,1.3,82,1,0,17,17,0,0
海南,1.3,49,1,1,3,3,0,0
贵州,1.3,15,0,1,3,3,1,0
广西,1.3,87,0,2,9,9,0,0
广东,1.3,393,0,9,82,82,3,0
甘肃,1.3,29,0,0,4,4,0,0
福建,1.3,120,0,0,19,19,0,0
北京,1.3,132,1,5,21,21,1,0
澳门,1.3,7,0,0,0,0,0,0
安徽,1.3,237,0,3,37,37,1,0
重庆,1.31,238,1,1,32,32,0,1
浙江,1.31,599,0,15,62,62,6,0
云南,1.31,91,0,1,11,11,1,0
新疆,1.31,18,0,0,1,1,0,0
香港,1.31,13,0,0,1,1,0,0
西藏,1.31,1,0,0,0,0,0,0
天津,1.31,32,0,0,1,1,0,0
台湾,1.31,10,0,0,1,1,0,0
四川,1.31,207,1,3,30,30,2,0
上海,1.31,0,0,0,0,0,0,0
陕西,1.31,87,0,0,24,24,0,0
山西,1.31,47,0,1,8,8,0,0
山东,1.31,202,0,2,24,24,0,0
青海,1.31,9,0,0,1,1,0,0
宁夏,1.31,26,0,0,5,5,0,0
内蒙古,1.31,23,0,1,3,3,1,0
辽宁,1.31,0,0,0,0,0,0,0
江西,1.31,286,0,9,47,47,2,0
江苏,1.31,202,0,6,34,34,4,0
吉林,1.31,17,0,1,3,3,0,0
湖南,1.31,389,0,3,57,57,1,0
湖北,1.31,7153,249,166,1347,1347,50,45
黑龙江,1.31,80,0,0,21,0,0,0
河南,1.31,422,2,3,70,70,0,0
河北,1.31,96,1,0,14,14,0,0
海南,1.31,57,1,1,8,8,0,0
贵州,1.31,29,0,2,14,14,1,0
广西,1.31,100,0,2,13,13,0,0
广东,1.31,520,0,9,127,127,0,0
甘肃,1.31,35,0,3,6,6,3,0
福建,1.31,144,0,0,24,24,0,0
北京,1.31,156,1,5,24,24,0,0
澳门,1.31,7,0,0,0,0,0,0
安徽,1.31,297,0,3,60,60,0,0
重庆,2.01,262,1,3,24,24,2,0
浙江,2.01,661,0,23,62,62,8,0
云南,2.01,99,0,1,8,8,0,0
新疆,2.01,21,0,0,3,3,0,0
香港,2.01,14,0,0,1,1,0,0
西藏,2.01,1,0,0,0,0,0,0
天津,2.01,41,0,0,9,9,0,0
台湾,2.01,10,0,0,0,0,0,0
四川,2.01,231,1,3,24,24,0,0
上海,2.01,0,0,0,0,0,0,0
陕西,2.01,101,0,0,15,15,0,0
山西,2.01,56,0,1,9,9,0,0
山东,2.01,225,0,5,23,23,3,0
青海,2.01,9,0,0,0,0,0,0
宁夏,2.01,28,0,0,2,2,0,0
内蒙古,2.01,27,0,1,4,4,0,0
辽宁,2.01,64,0,1,1,0,0,0
江西,2.01,333,0,10,47,47,1,0
江苏,2.01,236,0,8,34,34,2,0
吉林,2.01,23,0,1,6,6,0,0
湖南,2.01,463,0,8,74,74,5,0
湖北,2.01,9074,294,215,1921,1921,49,45
黑龙江,2.01,95,0,2,15,15,2,0
河南,2.01,493,2,4,71,71,1,0
河北,2.01,104,1,3,8,8,3,0
海南,2.01,62,1,1,5,5,0,0
贵州,2.01,38,0,2,9,9,0,0
广西,2.01,111,0,2,11,11,0,0
广东,2.01,604,0,12,84,84,3,0
甘肃,2.01,51,0,3,11,11,0,0
福建,2.01,159,0,0,15,15,0,0
北京,2.01,183,1,9,27,27,4,0
澳门,2.01,7,0,0,0,0,0,0
安徽,2.01,340,0,5,43,43,2,0
重庆,2.02,300,2,7,38,38,4,1
浙江,2.02,724,0,36,63,63,13,0
云南,2.02,109,0,3,10,10,2,0
新疆,2.02,24,0,0,3,3,0,0
香港,2.02,15,0,0,1,1,0,0
西藏,2.02,1,0,0,0,0,0,0
天津,2.02,48,0,1,7,7,1,0
台湾,2.02,10,0,0,0,0,0,0
四川,2.02,254,1,12,23,23,9,0
上海,2.02,0,0,0,0,0,0,0
陕西,2.02,116,0,0,15,15,0,0
山西,2.02,66,0,2,10,10,1,0
山东,2.02,246,0,6,21,21,1,0
青海,2.02,13,0,0,4,4,0,0
宁夏,2.02,31,0,0,3,3,0,0
内蒙古,2.02,34,0,1,7,7,0,0
辽宁,2.02,70,0,1,1,1,0,0
江西,2.02,391,0,18,59,59,8,0
江苏,2.02,271,0,7,35,35,-1,0
吉林,2.02,31,0,1,8,8,0,0
湖南,2.02,521,0,16,58,58,8,0
湖北,2.02,11177,350,295,2103,2103,80,56
黑龙江,2.02,118,0,2,23,23,0,0
河南,2.02,566,2,14,73,73,10,0
河北,2.02,113,1,3,9,9,0,0
海南,2.02,69,1,4,7,7,3,0
贵州,2.02,46,0,2,8,8,0,0
广西,2.02,127,0,2,16,16,0,0
广东,2.02,683,0,14,79,79,2,0
甘肃,2.02,51,0,3,11,11,0,0
福建,2.02,179,0,0,20,20,0,0
北京,2.02,212,1,12,29,29,3,0
澳门,2.02,7,0,0,0,0,0,0
安徽,2.02,408,0,7,68,68,2,0
重庆,2.03,337,2,9,37,37,2,0
浙江,2.03,829,0,48,105,105,12,0
云南,2.03,117,0,5,8,8,2,0
新疆,2.03,29,0,0,5,5,0,0
香港,2.03,15,0,0,0,0,0,0
西藏,2.03,1,0,0,0,0,0,0
天津,2.03,60,0,1,12,12,0,0
台湾,2.03,10,0,0,0,0,0,0
四川,2.03,282,1,14,28,28,2,0
上海,2.03,203,1,10,10,0,0,0
陕西,2.03,124,0,6,8,8,6,0
山西,2.03,74,0,2,8,8,0,0
山东,2.03,270,0,7,11,11,1,0
青海,2.03,15,0,0,2,2,0,0
宁夏,2.03,34,0,0,3,3,0,0
内蒙古,2.03,35,0,1,1,1,0,0
辽宁,2.03,73,1,2,3,3,1,1
江西,2.03,476,0,19,85,85,1,0
江苏,2.03,308,0,8,37,37,1,0
吉林,2.03,42,0,1,11,11,0,0
湖南,2.03,593,0,22,72,72,6,0
湖北,2.03,13522,414,396,2345,2345,101,64
黑龙江,2.03,155,0,2,37,37,0,0
河南,2.03,675,2,20,109,109,6,0
河北,2.03,126,1,3,13,13,0,0
海南,2.03,79,1,4,9,9,0,0
贵州,2.03,56,0,2,10,10,0,0
广西,2.03,139,0,7,12,12,5,0
广东,2.03,797,0,20,114,114,6,0
甘肃,2.03,55,0,3,4,4,0,0
福建,2.03,194,0,1,15,15,1,0
北京,2.03,228,1,23,16,16,11,0
澳门,2.03,8,0,0,1,1,0,0
安徽,2.03,480,0,14,72,72,7,0
重庆,2.04,366,2,14,29,29,5,0
浙江,2.04,895,0,63,66,66,15,0
云南,2.04,122,0,5,3,3,0,0
新疆,2.04,32,0,0,3,3,0,0
香港,2.04,18,1,0,3,3,0,1
西藏,2.04,1,0,0,0,0,0,0
天津,2.04,67,0,2,7,7,1,0
台湾,2.04,11,0,0,1,1,0,0
四川,2.04,301,1,23,19,19,9,0
上海,2.04,203,1,10,10,0,0,0
陕西,2.04,142,0,1,14,14,-5,0
山西,2.04,81,0,4,7,7,2,0
山东,2.04,298,0,13,28,28,6,0
青海,2.04,17,0,0,2,2,0,0
宁夏,2.04,34,0,1,0,0,1,0
内蒙古,2.04,42,0,1,7,7,0,0
辽宁,2.04,75,0,2,5,5,0,-1
江西,2.04,548,0,27,72,72,8,0
江苏,2.04,341,0,13,33,33,5,0
吉林,2.04,54,0,1,12,12,0,0
湖南,2.04,661,0,35,68,68,13,0
湖北,2.04,16678,479,520,3156,3156,124,65
黑龙江,2.04,190,0,4,35,35,2,0
河南,2.04,764,2,41,89,89,21,0
河北,2.04,135,1,4,9,9,1,0
海南,2.04,89,1,4,10,10,0,0
贵州,2.04,64,0,5,8,8,3,0
广西,2.04,150,0,10,11,11,3,0
广东,2.04,870,0,32,73,73,12,0
甘肃,2.04,57,0,4,2,2,1,0
福建,2.04,194,0,1,15,15,1,0
北京,2.04,253,1,24,25,25,1,0
澳门,2.04,10,0,0,2,2,0,0
安徽,2.04,530,0,20,50,50,6,0
重庆,2.05,390,2,15,24,24,1,0
浙江,2.05,954,0,81,59,59,18,0
云南,2.05,128,0,5,6,6,0,0
新疆,2.05,36,0,0,4,4,0,0
香港,2.05,21,1,0,4,4,0,0
西藏,2.05,1,0,0,0,0,0,0
天津,2.05,69,0,2,2,2,0,0
台湾,2.05,11,0,0,0,0,0,0
四川,2.05,321,1,27,20,20,4,0
上海,2.05,203,1,10,10,0,0,0
陕西,2.05,165,0,2,23,23,1,0
山西,2.05,90,0,6,9,9,2,0
山东,2.05,343,0,18,45,45,5,0
青海,2.05,18,0,3,1,1,3,0
宁夏,2.05,40,0,1,6,6,0,0
内蒙古,2.05,44,0,3,2,2,2,0
辽宁,2.05,75,0,2,5,5,0,-1
江西,2.05,600,0,37,52,52,10,0
江苏,2.05,373,0,26,32,32,13,0
吉林,2.05,59,0,2,5,5,1,0
湖南,2.05,711,0,56,50,50,21,0
湖北,2.05,19655,549,633,2987,2987,113,70
黑龙江,2.05,227,1,7,37,37,3,1
河南,2.05,851,2,54,87,87,13,0
河北,2.05,157,1,7,22,22,3,0
海南,2.05,100,1,5,11,11,1,0
贵州,2.05,69,1,6,5,5,1,1
广西,2.05,168,0,14,18,18,4,0
广东,2.05,944,0,49,74,74,17,0
甘肃,2.05,62,0,6,5,5,2,0
福建,2.05,215,0,12,10,10,11,0
北京,2.05,274,1,31,21,21,7,0
澳门,2.05,10,0,0,0,0,0,0
安徽,2.05,591,0,23,61,61,3,0
重庆,2.06,411,2,24,22,22,9,0
浙江,2.06,1006,0,98,52,52,17,0
云南,2.06,133,0,6,9,9,1,0
新疆,2.06,39,0,0,3,3,0,0
香港,2.06,24,1,0,3,3,0,0
西藏,2.06,1,0,0,0,0,0,0
天津,2.06,79,1,2,10,10,0,1
台湾,2.06,16,0,1,5,5,1,0
四川,2.06,344,1,37,23,23,10,0
上海,2.06,257,1,25,14,14,15,0
陕西,2.06,173,0,11,8,8,9,0
山西,2.06,96,0,12,6,6,6,0
山东,2.06,347,0,30,40,40,12,0
青海,2.06,18,0,3,0,0,0,0
宁夏,2.06,43,0,1,3,3,0,0
内蒙古,2.06,46,0,4,2,2,1,0
辽宁,2.06,95,0,6,6,6,4,0
江西,2.06,661,0,45,61,61,8,0
江苏,2.06,408,0,38,35,35,12,0
吉林,2.06,65,1,4,6,6,2,1
湖南,2.06,772,0,91,61,61,35,0
湖北,2.06,22112,618,817,2447,2447,184,69
黑龙江,2.06,277,3,8,50,50,1,2
河南,2.06,914,3,68,63,63,14,1
河北,2.06,171,1,16,14,14,9,0
海南,2.06,106,1,8,7,7,3,0
贵州,2.06,77,1,6,8,8,0,0
广西,2.06,172,0,17,4,4,3,0
广东,2.06,1018,0,68,74,74,19,0
甘肃,2.06,67,0,6,5,5,0,0
福建,2.06,224,0,15,9,9,3,0
北京,2.06,297,1,33,23,23,2,0
澳门,2.06,10,0,1,0,0,1,0
安徽,2.06,665,0,34,74,74,11,0
重庆,2.07,426,2,31,15,15,7,0
浙江,2.07,1048,0,127,42,42,29,0
云南,2.07,136,0,13,3,3,7,0
新疆,2.07,42,0,0,3,3,0,0
香港,2.07,26,1,0,1,1,0,0
西藏,2.07,1,0,0,0,0,0,0
天津,2.07,81,1,2,2,2,0,0
台湾,2.07,16,0,1,0,0,0,0
四川,2.07,363,1,50,19,19,13,0
上海,2.07,277,1,30,20,20,5,0
陕西,2.07,184,0,17,11,11,6,0
山西,2.07,104,0,15,8,8,3,0
山东,2.07,386,0,37,39,39,7,0
青海,2.07,18,0,18,0,0,15,0
宁夏,2.07,45,0,5,2,2,4,0
内蒙古,2.07,50,0,5,4,4,1,0
辽宁,2.07,103,0,7,4,4,1,0
江西,2.07,698,0,55,37,37,10,0
江苏,2.07,439,0,43,31,31,5,0
吉林,2.07,69,1,4,4,4,0,0
湖南,2.07,803,0,119,31,31,28,0
湖北,2.07,24953,699,1115,2841,2841,298,81
黑龙江,2.07,295,5,12,19,19,4,2
河南,2.07,981,4,97,67,67,29,1
河北,2.07,195,1,25,24,24,9,0
海南,2.07,117,2,10,11,11,2,1
贵州,2.07,89,1,6,12,12,0,0
广西,2.07,183,0,17,11,11,0,0
广东,2.07,1075,1,97,57,57,29,1
甘肃,2.07,71,0,9,4,4,3,0
福建,2.07,239,0,20,15,15,5,0
北京,2.07,315,2,34,18,18,1,1
澳门,2.07,10,0,1,0,0,0,0
安徽,2.07,733,0,47,68,68,13,0
重庆,2.08,446,2,39,20,20,8,0
浙江,2.08,1075,0,173,27,27,46,0
云南,2.08,138,0,17,2,2,4,0
新疆,2.08,45,0,0,3,3,0,0
香港,2.08,26,1,0,2,2,0,0
西藏,2.08,1,0,0,0,0,0,0
天津,2.08,88,1,4,7,7,2,0
台湾,2.08,17,0,1,1,1,0,0
四川,2.08,386,1,60,23,23,10,0
上海,2.08,286,1,41,9,9,11,0
陕西,2.08,195,0,20,11,11,3,0
山西,2.08,115,0,21,12,12,6,0
山东,2.08,416,0,42,30,30,5,0
青海,2.08,18,0,18,0,0,0,0
宁夏,2.08,45,0,13,1,1,8,0
内蒙古,2.08,52,0,5,2,2,0,0
辽宁,2.08,105,0,12,6,6,5,0
江西,2.08,740,0,72,42,42,17,0
江苏,2.08,468,0,51,29,29,8,0
吉林,2.08,78,1,5,9,9,1,0
湖南,2.08,838,1,159,35,35,40,1
湖北,2.08,27100,780,1439,2147,2147,324,81
黑龙江,2.08,307,6,13,26,26,1,1
河南,2.08,1033,6,131,53,53,34,2
河北,2.08,206,2,30,11,11,5,1
海南,2.08,129,2,15,12,12,5,0
贵州,2.08,96,1,7,7,7,1,0
广西,2.08,195,1,18,12,12,1,1
广东,2.08,1120,1,125,45,45,28,0
甘肃,2.08,79,1,12,12,12,3,1
福建,2.08,250,0,24,11,11,4,0
北京,2.08,326,2,37,11,11,3,0
澳门,2.08,10,0,1,0,0,0,0
安徽,2.08,779,1,59,46,46,12,1
重庆,2.09,468,2,51,22,22,12,0
浙江,2.09,1092,0,201,29,29,28,0
云南,2.09,141,0,18,3,3,1,0
新疆,2.09,49,0,0,4,4,0,0
香港,2.09,36,1,0,10,10,0,0
西藏,2.09,1,0,1,0,0,1,0
天津,2.09,91,1,4,3,3,0,0
台湾,2.09,18,0,1,1,1,0,0
四川,2.09,405,1,76,19,19,16,0
上海,2.09,293,1,44,7,7,3,0
陕西,2.09,208,0,25,13,13,5,0
山西,2.09,119,0,25,4,4,4,0
山东,2.09,444,1,61,28,28,19,1
青海,2.09,18,0,3,0,0,-15,0
宁夏,2.09,49,0,13,4,4,0,0
内蒙古,2.09,54,0,5,2,2,0,0
辽宁,2.09,107,0,12,2,2,0,0
江西,2.09,771,1,102,32,32,30,1
江苏,2.09,492,0,72,24,24,21,0
吉林,2.09,80,1,12,2,2,7,0
湖南,2.09,879,1,186,41,41,27,0
湖北,2.09,29631,871,1795,2618,2618,356,91
黑龙江,2.09,331,7,15,24,24,2,1
河南,2.09,1073,6,181,40,40,50,0
河北,2.09,218,2,35,12,12,5,0
海南,2.09,131,3,19,8,8,4,1
贵州,2.09,109,1,7,13,13,0,0
广西,2.09,210,1,18,15,15,0,0
广东,2.09,1151,1,143,31,31,18,0
甘肃,2.09,83,2,17,4,4,5,1
福建,2.09,261,0,35,11,11,11,0
北京,2.09,337,2,44,11,11,7,0
澳门,2.09,10,0,1,0,0,0,0
安徽,2.09,830,3,73,51,51,14,2
重庆,2.1,473,2,60,5,5,9,0
浙江,2.1,1092,0,239,29,29,38,0
云南,2.1,149,0,19,8,8,1,0
新疆,2.1,55,0,0,6,6,0,0
香港,2.1,38,1,0,9,9,0,0
西藏,2.1,1,0,0,0,0,-1,0
天津,2.1,95,2,8,4,4,4,1
台湾,2.1,18,0,1,1,1,0,0
四川,2.1,417,1,82,12,12,6,0
上海,2.1,302,1,48,7,7,4,0
陕西,2.1,219,0,31,11,11,6,0
山西,2.1,122,0,26,3,3,1,0
山东,2.1,486,1,71,27,27,10,0
青海,2.1,18,0,3,0,0,0,0
宁夏,2.1,53,0,14,4,4,1,0
内蒙古,2.1,58,0,5,0,0,0,0
辽宁,2.1,111,0,10,3,3,-2,0
江西,2.1,804,2,127,32,32,25,1
江苏,2.1,515,0,84,23,23,12,0
吉林,2.1,81,1,13,1,1,1,0
湖南,2.1,912,1,213,33,33,27,0
湖北,2.1,31728,974,2222,2097,2097,427,103
黑龙江,2.1,360,8,27,29,29,12,1
河南,2.1,1105,7,198,32,32,17,1
河北,2.1,239,2,41,21,21,6,0
海南,2.1,142,3,19,6,6,0,0
贵州,2.1,118,1,10,9,9,3,0
广西,2.1,215,1,30,5,5,12,0
广东,2.1,1177,1,181,26,26,38,0
甘肃,2.1,86,2,21,3,3,4,0
福建,2.1,267,0,39,6,6,4,0
北京,2.1,342,3,48,5,5,4,1
澳门,2.1,10,0,1,0,0,0,0
安徽,2.1,860,4,88,30,30,15,1
重庆,2.11,505,3,79,19,19,19,1
浙江,2.11,1131,0,279,14,14,40,0
云南,2.11,154,0,20,5,5,1,0
新疆,2.11,59,0,3,4,4,3,0
香港,2.11,50,1,1,8,8,1,0
西藏,2.11,1,0,0,0,0,0,0
天津,2.11,107,2,10,12,12,2,0
台湾,2.11,18,0,1,0,0,0,0
四川,2.11,436,1,85,19,19,3,0
上海,2.11,306,1,53,4,4,5,0
陕西,2.11,225,0,36,6,6,5,0
山西,2.11,124,0,30,2,2,4,0
山东,2.11,436,1,85,19,19,14,0
青海,2.11,18,0,5,0,0,2,0
宁夏,2.11,58,0,22,5,5,8,0
内蒙古,2.11,60,0,5,2,2,0,0
辽宁,2.11,116,0,19,8,8,9,0
江西,2.11,844,1,152,40,40,25,-1
江苏,2.11,543,0,94,28,28,10,0
吉林,2.11,83,1,18,2,2,5,0
湖南,2.11,946,2,263,34,34,50,1
湖北,2.11,33366,1068,2639,1638,1638,417,94
黑龙江,2.11,378,8,28,18,18,1,0
河南,2.11,1135,8,231,30,30,33,1
河北,2.11,251,2,48,12,12,7,0
海南,2.11,151,3,20,9,9,1,0
贵州,2.11,131,1,17,13,13,7,0
广西,2.11,222,1,31,7,7,1,0
广东,2.11,1219,1,241,42,42,60,0
甘肃,2.11,86,2,24,0,0,3,0
福建,2.11,272,0,46,5,5,7,0
北京,2.11,352,3,56,10,10,8,0
澳门,2.11,10,0,1,0,0,0,0
安徽,2.11,889,4,108,29,29,20,0
重庆,2.12,518,3,102,13,13,23,0
浙江,2.12,1145,0,327,14,14,48,0
云南,2.12,155,0,23,1,1,3,0
新疆,2.12,63,1,3,4,4,0,1
香港,2.12,50,1,1,8,8,0,0
西藏,2.12,1,0,1,0,0,1,0
天津,2.12,113,2,11,7,7,1,0
台湾,2.12,18,0,1,0,0,0,0
四川,2.12,451,1,93,15,15,8,0
上海,2.12,313,1,57,7,7,4,0
陕西,2.12,229,0,42,4,4,6,0
山西,2.12,126,0,33,2,2,3,0
山东,2.12,506,2,98,9,9,13,1
青海,2.12,18,0,9,0,0,4,0
宁夏,2.12,64,0,24,6,6,2,0
内蒙古,2.12,61,0,6,1,1,1,0
辽宁,2.12,116,1,20,8,8,1,1
江西,2.12,872,1,170,28,28,18,0
江苏,2.12,570,0,131,27,27,37,0
吉林,2.12,83,1,18,2,2,0,0
湖南,2.12,968,2,312,22,22,49,0
湖北,2.12,48206,1310,3441,14840,14840,802,242
黑龙江,2.12,395,9,31,17,17,3,1
河南,2.12,1169,10,258,34,34,27,2
河北,2.12,265,3,54,14,14,6,1
海南,2.12,157,4,27,6,6,7,1
贵州,2.12,135,1,20,4,4,3,0
广西,2.12,222,2,33,0,0,2,1
广东,2.12,1241,1,284,22,22,43,0
甘肃,2.12,87,2,31,1,1,7,0
福建,2.12,279,0,54,7,7,8,0
北京,2.12,366,3,68,14,14,12,0
澳门,2.12,10,0,2,0,0,1,0
安徽,2.12,910,5,128,22,22,20,1
重庆,2.13,529,4,128,11,11,26,1
浙江,2.13,1155,0,367,10,10,40,0
云南,2.13,162,0,27,7,7,4,0
新疆,2.13,65,1,6,2,2,3,0
香港,2.13,53,1,1,3,3,0,0
西藏,2.13,1,0,1,0,0,0,0
天津,2.13,119,3,21,7,7,10,1
台湾,2.13,18,0,1,0,0,0,0
四川,2.13,463,1,105,12,12,12,0
上海,2.13,319,1,62,6,6,5,0
陕西,2.13,230,0,49,1,1,7,0
山西,2.13,126,0,36,0,0,3,0
山东,2.13,519,2,111,13,13,13,0
青海,2.13,18,0,11,0,0,2,0
宁夏,2.13,67,0,24,3,3,0,0
内蒙古,2.13,65,0,6,4,4,0,0
辽宁,2.13,117,1,22,1,1,2,0
江西,2.13,900,1,187,28,28,17,0
江苏,2.13,593,0,137,23,23,6,0
吉林,2.13,86,1,25,2,2,7,0
湖南,2.13,988,2,352,20,20,40,0
湖北,2.13,51986,1318,4131,4823,4823,690,8
黑龙江,2.13,418,11,37,23,23,6,2
河南,2.13,1184,11,313,15,15,55,1
河北,2.13,283,3,69,18,18,15,0
海南,2.13,157,4,30,0,0,3,0
贵州,2.13,140,1,28,5,5,8,0
广西,2.13,226,2,35,4,4,2,0
广东,2.13,1241,2,284,22,22,0,1
甘肃,2.13,90,2,39,3,3,8,0
福建,2.13,281,0,59,2,2,5,0
北京,2.13,366,3,68,14,14,0,0
澳门,2.13,10,0,3,0,0,1,0
安徽,2.13,934,6,166,24,24,38,1
重庆,2.14,537,5,152,8,8,24,1
浙江,2.14,1162,0,409,7,7,42,0
云南,2.14,162,0,35,7,7,8,0
新疆,2.14,70,1,6,5,5,0,0
香港,2.14,56,1,1,3,3,0,0
西藏,2.14,1,0,1,0,0,0,0
天津,2.14,120,3,32,1,1,11,0
台湾,2.14,18,0,1,0,0,0,0
四川,2.14,470,1,115,7,7,10,0
上海,2.14,326,1,90,8,8,28,0
陕西,2.14,230,0,49,1,1,0,0
山西,2.14,127,0,38,1,1,2,0
山东,2.14,530,2,139,11,11,28,0
青海,2.14,18,0,11,0,0,0,0
宁夏,2.14,70,0,27,3,3,3,0
内蒙古,2.14,65,0,6,4,4,0,0
辽宁,2.14,119,1,29,3,3,7,0
江西,2.14,913,1,210,13,13,23,0
江苏,2.14,604,0,160,11,11,23,0
吉林,2.14,88,1,25,2,2,0,0
湖南,2.14,1001,2,389,13,13,37,0
湖北,2.14,54406,1457,4774,2420,2420,643,139
黑龙江,2.14,425,11,48,7,7,11,0
河南,2.14,1184,11,313,15,15,0,0
河北,2.14,291,3,86,8,8,17,0
海南,2.14,162,4,38,4,4,8,0
贵州,2.14,143,1,33,3,3,5,0
广西,2.14,235,2,40,9,9,5,0
广东,2.14,1294,2,386,33,33,102,0
甘肃,2.14,90,2,49,0,0,10,0
福建,2.14,285,0,66,4,4,7,0
北京,2.14,372,3,79,6,6,11,0
澳门,2.14,10,0,3,0,0,0,0
安徽,2.14,934,6,196,24,24,30,0
重庆,2.15,544,5,184,7,7,32,0
浙江,2.15,1167,0,437,5,5,28,0
云南,2.15,169,0,42,1,1,7,0
新疆,2.15,71,1,11,1,1,5,0
香港,2.15,56,1,1,0,0,0,0
西藏,2.15,1,0,1,0,0,0,0
天津,2.15,122,3,37,2,2,5,0
台湾,2.15,18,0,1,0,0,0,0
四川,2.15,481,3,127,11,11,12,2
上海,2.15,328,1,124,2,2,34,0
陕西,2.15,236,0,64,4,4,15,0
山西,2.15,128,0,46,1,1,8,0
山东,2.15,537,2,164,7,7,25,0
青海,2.15,18,0,13,0,0,2,0
宁夏,2.15,70,0,33,0,0,6,0
内蒙古,2.15,70,0,7,2,2,1,0
辽宁,2.15,120,1,32,1,1,3,0
江西,2.15,925,1,239,12,12,29,0
江苏,2.15,617,0,190,13,13,30,0
吉林,2.15,89,1,28,1,1,3,0
湖南,2.15,1004,3,430,3,3,41,1
湖北,2.15,56249,1596,5623,1843,1843,849,139
黑龙江,2.15,445,11,70,20,20,22,0
河南,2.15,1231,13,397,19,19,84,2
河北,2.15,300,3,100,9,9,14,0
海南,2.15,162,4,39,0,0,1,0
贵州,2.15,144,1,37,1,1,4,0
广西,2.15,237,2,46,2,2,6,0
广东,2.15,1316,2,436,22,22,50,0
甘肃,2.15,90,2,49,0,0,10,0
福建,2.15,287,0,77,2,2,11,0
北京,2.15,380,4,105,5,5,26,1
澳门,2.15,10,0,3,0,0,0,0
安徽,2.15,962,6,232,12,12,36,0
重庆,2.16,551,5,207,7,7,23,0
浙江,2.16,1171,0,470,4,4,33,0
云南,2.16,171,0,42,2,2,0,0
新疆,2.16,75,1,12,4,4,1,0
香港,2.16,57,1,2,1,1,1,0
西藏,2.16,1,0,1,0,0,0,0
天津,2.16,125,3,45,3,3,8,0
台湾,2.16,20,1,2,2,2,1,1
四川,2.16,495,3,136,14,14,9,0
上海,2.16,331,1,140,3,3,16,0
陕西,2.16,240,0,74,4,4,10,0
山西,2.16,129,0,50,1,1,4,0
山东,2.16,541,2,175,4,4,11,0
青海,2.16,18,0,13,0,0,0,0
宁夏,2.16,70,0,33,0,0,0,0
内蒙古,2.16,72,0,8,2,2,1,0
辽宁,2.16,121,1,41,1,1,9,0
江西,2.16,930,1,275,5,5,36,0
江苏,2.16,626,0,226,9,9,36,0
吉林,2.16,89,1,30,0,0,2,0
湖南,2.16,1006,3,467,2,2,37,0
湖北,2.16,58182,1696,6639,1933,1933,1016,100
黑龙江,2.16,457,11,80,12,12,10,0
河南,2.16,1246,16,438,15,15,41,3
河北,2.16,301,3,109,1,1,9,0
海南,2.16,162,4,52,0,0,13,0
贵州,2.16,146,1,47,2,2,10,0
广西,2.16,238,2,51,1,1,5,0
广东,2.16,1322,4,473,6,6,37,2
甘肃,2.16,90,2,54,0,0,5,0
福建,2.16,290,0,84,3,3,7,0
北京,2.16,381,4,114,1,1,9,0
澳门,2.16,10,0,5,0,0,2,0
安徽,2.16,973,6,293,11,11,61,0
重庆,2.17,553,5,225,2,2,18,0
浙江,2.17,1172,0,514,1,1,44,0
云南,2.17,172,0,47,1,1,5,0
新疆,2.17,76,1,12,1,1,0,0
香港,2.17,60,1,2,3,3,0,0
西藏,2.17,1,0,1,0,0,0,0
天津,2.17,127,3,46,3,3,1,0
台湾,2.17,22,1,2,2,2,0,0
四川,2.17,508,3,163,13,13,27,0
上海,2.17,333,1,161,2,2,21,0
陕西,2.17,240,0,79,0,0,5,0
山西,2.17,130,0,53,1,1,3,0
山东,2.17,543,2,193,2,2,18,0
青海,2.17,18,0,13,0,0,0,0
宁夏,2.17,70,0,35,0,0,2,0
内蒙古,2.17,73,0,8,1,1,0,0
辽宁,2.17,121,1,43,0,0,2,0
江西,2.17,933,1,310,3,3,35,0
江苏,2.17,629,0,263,3,3,37,0
吉林,2.17,89,1,34,0,0,4,0
湖南,2.17,1007,4,501,1,1,34,1
湖北,2.17,59989,1789,7862,1807,1807,1223,93
黑龙江,2.17,464,11,85,7,7,5,0
河南,2.17,1257,19,505,15,15,67,3
河北,2.17,302,4,123,1,1,14,1
海南,2.17,163,4,59,1,1,7,0
贵州,2.17,146,1,66,0,0,19,0
广西,2.17,242,2,58,4,4,7,0
广东,2.17,1328,4,530,6,6,57,0
甘肃,2.17,91,2,58,1,1,4,0
福建,2.17,292,0,91,2,2,7,0
北京,2.17,387,4,122,6,6,8,0
澳门,2.17,10,0,5,0,0,2,0
安徽,2.17,982,6,361,9,9,68,0
重庆,2.18,553,5,254,2,2,29,0
浙江,2.18,1173,0,544,1,1,30,0
云南,2.18,173,0,57,1,1,10,0
新疆,2.18,76,1,14,0,0,2,0
香港,2.18,62,2,4,0,0,2,1
西藏,2.18,1,0,1,0,0,0,0
天津,2.18,128,3,48,3,3,2,0
台湾,2.18,22,1,2,0,0,0,0
四川,2.18,514,3,177,6,6,14,0
上海,2.18,333,1,177,0,0,16,0
陕西,2.18,242,0,89,2,2,10,0
山西,2.18,131,0,61,1,1,8,0
山东,2.18,544,3,215,1,1,22,1
青海,2.18,18,0,15,0,0,2,0
宁夏,2.18,71,0,42,1,1,7,0
内蒙古,2.18,75,0,9,2,2,1,0
辽宁,2.18,121,1,55,0,0,12,0
江西,2.18,934,1,362,1,1,52,0
江苏,2.18,631,0,296,2,2,33,0
吉林,2.18,90,1,36,1,1,2,0
湖南,2.18,1008,4,542,1,1,41,0
湖北,2.18,61682,1921,9128,1693,1693,1266,132
黑龙江,2.18,470,12,108,6,6,23,1
河南,2.18,1262,19,552,5,5,47,0
河北,2.18,306,4,136,4,4,13,0
海南,2.18,163,4,79,0,0,20,0
贵州,2.18,146,2,69,0,0,3,1
广西,2.18,244,2,76,2,2,18,0
广东,2.18,1331,5,571,3,3,41,1
甘肃,2.18,91,2,65,0,0,7,0
福建,2.18,293,0,96,1,1,5,0
北京,2.18,393,4,145,6,6,23,0
澳门,2.18,10,0,5,0,0,0,0
安徽,2.18,986,6,424,4,4,63,0
重庆,2.19,560,5,274,5,5,20,0
浙江,2.19,1175,0,609,2,2,65,0
云南,2.19,173,1,60,0,0,3,1
新疆,2.19,76,1,20,0,0,6,0
香港,2.19,65,2,5,3,3,1,0
西藏,2.19,1,0,1,0,0,0,0
天津,2.19,130,3,54,2,2,6,0
台湾,2.19,24,1,2,2,2,0,0
四川,2.19,520,3,198,6,6,21,0
上海,2.19,333,2,186,0,0,9,1
陕西,2.19,245,1,105,3,3,16,1
山西,2.19,131,0,68,0,0,7,0
山东,2.19,546,4,250,2,2,35,1
青海,2.19,18,0,16,0,0,1,0
宁夏,2.19,71,0,42,0,0,0,0
内蒙古,2.19,75,0,11,0,0,2,0
辽宁,2.19,121,1,58,0,0,3,0
江西,2.19,934,1,432,1,1,70,0
江苏,2.19,631,0,325,0,0,29,0
吉林,2.19,91,1,40,1,1,4,0
湖南,2.19,1010,4,578,2,2,36,0
湖北,2.19,62457,2029,10337,775,775,1209,108
黑龙江,2.19,476,12,123,6,6,15,0
河南,2.19,1265,19,614,4,4,62,0
河北,2.19,307,5,152,1,1,16,1
海南,2.19,168,4,84,5,5,5,0
贵州,2.19,146,2,71,0,0,2,0
广西,2.19,245,2,87,1,1,11,0
广东,2.19,1332,5,619,1,1,48,0
甘肃,2.19,91,2,71,0,0,6,0
福建,2.19,293,1,112,0,0,16,1
北京,2.19,395,4,153,2,2,8,0
澳门,2.19,10,0,6,0,0,1,0
安徽,2.19,987,6,500,1,1,76,0
重庆,2.2,567,6,299,7,7,25,1
浙江,2.2,1203,1,647,28,28,38,1
云南,2.2,172,2,79,-1,-1,19,1
新疆,2.2,76,1,22,0,0,2,0
香港,2.2,68,2,5,3,3,0,0
西藏,2.2,1,0,1,0,0,0,0
天津,2.2,131,3,59,1,1,5,0
台湾,2.2,24,1,2,0,0,0,0
四川,2.2,525,3,222,5,5,24,0
上海,2.2,334,2,199,1,1,13,0
陕西,2.2,245,1,117,0,0,12,0
山西,2.2,132,0,76,1,1,8,0
山东,2.2,748,4,270,202,202,20,0
青海,2.2,18,0,16,0,0,0,0
宁夏,2.2,71,0,44,0,0,2,0
内蒙古,2.2,75,0,16,0,0,5,0
辽宁,2.2,121,1,61,0,0,3,0
江西,2.2,934,1,489,0,0,57,0
江苏,2.2,631,0,352,0,0,27,0
吉林,2.2,91,1,44,0,0,4,0
湖南,2.2,1011,4,638,1,1,60,0
湖北,2.2,63088,2144,11788,631,631,1451,115
黑龙江,2.2,479,12,141,3,3,18,0
河南,2.2,1267,19,717,2,2,103,0
河北,2.2,308,5,170,1,1,18,0
海南,2.2,168,4,89,0,0,5,0
贵州,2.2,146,2,76,0,0,5,0
广西,2.2,246,2,95,1,1,8,0
广东,2.2,1333,5,664,1,1,45,0
甘肃,2.2,91,2,76,0,0,5,0
福建,2.2,293,1,134,0,0,22,0
北京,2.2,396,4,169,1,1,16,0
澳门,2.2,10,0,6,0,0,0,0
安徽,2.2,988,6,500,1,1,0,0
重庆,2.21,572,6,316,5,5,17,0
浙江,2.21,1205,1,694,22,22,47,0
云南,2.21,174,2,107,0,0,28,0
新疆,2.21,76,2,24,0,0,2,1
香港,2.21,68,2,6,0,0,1,0
西藏,2.21,1,0,1,0,0,0,0
天津,2.21,133,3,62,2,2,3,0
台湾,2.21,26,1,2,2,2,0,0
四川,2.21,526,3,242,1,1,20,0
上海,2.21,334,3,211,0,0,12,1
陕西,2.21,245,1,140,0,0,23,0
山西,2.21,132,0,78,0,0,2,0
山东,2.21,750,4,293,2,2,23,0
青海,2.21,18,0,18,0,0,2,0
宁夏,2.21,71,0,48,0,0,4,0
内蒙古,2.21,75,0,22,0,0,6,0
辽宁,2.21,121,1,66,0,0,5,0
江西,2.21,934,1,544,0,0,55,0
江苏,2.21,631,0,387,0,0,35,0
吉林,2.21,91,1,46,0,0,2,0
湖南,2.21,1013,4,670,2,2,32,0
湖北,2.21,63454,2250,13557,366,366,1769,106
黑龙江,2.21,479,12,183,0,0,42,0
河南,2.21,1270,19,802,3,3,85,0
河北,2.21,309,6,184,1,1,14,1
海南,2.21,168,4,96,0,0,7,0
贵州,2.21,146,2,90,0,0,14,0
广西,2.21,249,2,99,3,3,4,0
广东,2.21,1339,5,720,6,6,56,0
甘肃,2.21,91,2,78,0,0,2,0
福建,2.21,293,1,150,0,0,16,0
北京,2.21,399,4,178,3,3,9,0
澳门,2.21,10,0,6,0,0,0,0
安徽,2.21,989,6,620,1,1,120,0
重庆,2.22,573,6,328,1,1,12,0
浙江,2.22,1205,1,729,0,0,35,0
云南,2.22,174,2,115,0,0,8,0
新疆,2.22,76,2,25,0,0,1,0
香港,2.22,69,2,11,0,0,5,0
西藏,2.22,1,0,1,0,0,0,0
天津,2.22,135,3,65,4,4,3,0
台湾,2.22,26,1,2,0,0,0,0
四川,2.22,526,3,256,1,1,14,0
上海,2.22,335,3,227,1,1,16,0
陕西,2.22,245,1,153,0,0,13,0
山西,2.22,132,0,81,0,0,3,0
山东,2.22,754,4,311,4,4,18,0
青海,2.22,18,0,18,0,0,0,0
宁夏,2.22,71,0,48,0,0,4,0
内蒙古,2.22,75,0,26,0,0,4,0
辽宁,2.22,121,1,68,0,0,2,0
江西,2.22,934,1,611,0,0,67,0
江苏,2.22,631,0,411,0,0,24,0
吉林,2.22,91,1,52,0,0,6,0
湖南,2.22,1016,4,704,3,3,34,0
湖北,2.22,64084,2346,15299,630,630,1742,96
黑龙江,2.22,480,12,215,1,1,32,0
河南,2.22,1271,19,861,1,1,59,0
河北,2.22,311,6,204,2,2,20,0
海南,2.22,168,4,104,0,0,8,0
贵州,2.22,146,2,91,0,0,1,0
广西,2.22,249,2,104,0,0,5,0
广东,2.22,1342,6,740,3,3,20,1
甘肃,2.22,91,2,78,0,0,2,0
福建,2.22,293,1,165,0,0,15,0
北京,2.22,399,4,189,0,0,11,0
澳门,2.22,10,0,6,0,0,0,0
安徽,2.22,989,6,648,1,1,28,0
重庆,2.23,575,6,335,2,2,7,0
浙江,2.23,1205,1,765,0,0,36,0
云南,2.23,174,2,115,0,0,0,0
新疆,2.23,76,2,28,0,0,3,0
香港,2.23,74,2,11,5,5,0,0
西藏,2.23,1,0,1,0,0,0,0
天津,2.23,135,3,87,0,0,22,0
台湾,2.23,28,1,2,2,2,0,0
四川,2.23,527,3,263,1,1,7,0
上海,2.23,335,3,249,0,0,22,0
陕西,2.23,245,1,162,0,0,9,0
山西,2.23,132,0,88,0,0,7,0
山东,2.23,755,4,325,1,1,14,0
青海,2.23,18,0,18,0,0,0,0
宁夏,2.23,71,0,57,0,0,9,0
内蒙古,2.23,75,0,30,0,0,4,0
辽宁,2.23,121,1,73,0,0,5,0
江西,2.23,934,1,645,0,0,34,0
江苏,2.23,631,0,427,0,0,16,0
吉林,2.23,93,1,54,2,2,2,0
湖南,2.23,1016,4,721,0,0,17,0
湖北,2.23,64287,2495,16738,398,398,1439,149
黑龙江,2.23,480,12,224,0,0,9,0
河南,2.23,1271,19,930,0,0,69,0
河北,2.23,311,6,221,0,0,17,0
海南,2.23,168,5,106,0,0,2,1
贵州,2.23,146,2,102,0,0,11,0
广西,2.23,251,2,107,2,2,3,0
广东,2.23,1345,6,772,3,3,32,0
甘肃,2.23,91,2,78,0,0,0,0
福建,2.23,293,1,174,0,0,9,0
北京,2.23,399,4,198,0,0,9,0
澳门,2.23,10,0,6,0,0,0,0
安徽,2.23,989,6,692,0,0,44,0
重庆,2.24,576,6,349,1,1,14,0
浙江,2.24,1205,1,794,0,0,29,0
云南,2.24,174,2,124,0,0,9,0
新疆,2.24,76,2,30,0,0,2,0
香港,2.24,81,2,19,7,7,8,0
西藏,2.24,1,0,1,0,0,0,0
天津,2.24,135,3,87,0,0,0,0
台湾,2.24,30,1,5,2,2,3,0
四川,2.24,529,3,278,2,2,15,0
上海,2.24,335,3,261,0,0,12,0
陕西,2.24,245,1,175,0,0,13,0
山西,2.24,133,0,94,0,0,6,0
山东,2.24,755,6,343,1,1,18,2
青海,2.24,18,0,18,0,0,0,0
宁夏,2.24,71,0,58,0,0,1,0
内蒙古,2.24,75,0,34,0,0,4,0
辽宁,2.24,121,1,83,0,0,10,0
江西,2.24,934,1,682,0,0,37,0
江苏,2.24,631,0,458,0,0,31,0
吉林,2.24,93,1,60,0,0,6,0
湖南,2.24,1016,4,751,0,0,30,0
湖北,2.24,64786,2563,18854,499,499,2116,68
黑龙江,2.24,480,12,232,0,0,8,0
河南,2.24,1271,19,989,0,0,59,0
河北,2.24,311,6,241,0,0,20,0
海南,2.24,168,5,116,0,0,10,0
贵州,2.24,146,2,103,0,0,1,0
广西,2.24,252,2,129,1,1,22,0
广东,2.24,1347,7,805,2,2,33,1
甘肃,2.24,91,2,80,0,0,2,0
福建,2.24,294,1,188,1,1,14,0
北京,2.24,400,4,215,1,1,17,0
澳门,2.24,10,0,6,0,0,0,0
安徽,2.24,989,6,727,0,0,35,0
重庆,2.25,576,6,372,0,0,23,0
浙江,2.25,1205,1,814,0,0,20,0
云南,2.25,174,2,144,0,0,20,0
新疆,2.25,76,2,30,0,0,0,0
香港,2.25,85,2,18,4,4,-1,0
西藏,2.25,1,0,1,0,0,0,0
天津,2.25,135,3,91,0,0,4,0
台湾,2.25,31,1,5,1,1,0,0
四川,2.25,531,3,292,2,2,14,0
上海,2.25,336,3,268,0,0,7,0
陕西,2.25,245,1,186,0,0,11,0
山西,2.25,133,0,94,1,1,0,0
山东,2.25,756,6,357,1,1,14,0
青海,2.25,18,0,18,0,0,0,0
宁夏,2.25,71,0,58,0,0,0,0
内蒙古,2.25,75,0,34,0,0,0,0
辽宁,2.25,121,1,88,0,0,5,0
江西,2.25,934,1,719,0,0,37,0
江苏,2.25,631,0,463,0,0,5,0
吉林,2.25,93,1,63,0,0,3,0
湖南,2.25,1016,4,779,0,0,28,0
湖北,2.25,65187,2615,20912,401,401,2058,52
黑龙江,2.25,480,12,245,0,0,13,0
河南,2.25,1271,19,1023,0,0,34,0
河北,2.25,312,6,248,1,1,7,0
海南,2.25,168,5,124,0,0,8,0
贵州,2.25,146,2,104,0,0,1,0
广西,2.25,252,2,138,0,0,9,0
广东,2.25,1347,7,841,0,0,36,0
甘肃,2.25,91,2,80,0,0,0,0
福建,2.25,294,1,205,0,0,17,0
北京,2.25,400,4,235,0,0,20,0
澳门,2.25,10,0,7,0,0,1,0
安徽,2.25,989,6,764,0,0,37,0
重庆,2.26,576,6,384,0,0,12,0
浙江,2.26,1205,1,881,0,0,67,0
云南,2.26,174,2,144,0,0,0,0
新疆,2.26,76,2,34,0,0,4,0
香港,2.26,91,2,24,9,9,6,0
西藏,2.26,1,0,1,0,0,0,0
天津,2.26,135,3,96,0,0,5,0
台湾,2.26,32,1,5,1,1,0,0
四川,2.26,534,3,310,3,3,18,0
上海,2.26,337,3,272,1,1,4,0
陕西,2.26,245,1,194,0,0,8,0
山西,2.26,133,0,107,0,0,13,0
山东,2.26,756,6,381,0,0,24,0
青海,2.26,18,0,18,0,0,0,0
宁夏,2.26,72,0,65,1,1,7,0
内蒙古,2.26,75,0,38,0,0,4,0
辽宁,2.26,121,1,92,0,0,4,0
江西,2.26,934,1,754,0,0,35,0
江苏,2.26,631,0,494,0,0,31,0
吉林,2.26,93,1,65,0,0,2,0
湖南,2.26,1017,4,793,1,1,14,0
湖北,2.26,65596,2641,23200,409,409,2288,26
黑龙江,2.26,480,13,262,0,0,17,1
河南,2.26,1272,20,1062,1,1,39,1
河北,2.26,317,6,261,5,5,13,0
海南,2.26,168,5,129,0,0,5,0
贵州,2.26,146,2,112,0,0,8,0
广西,2.26,252,2,159,0,0,21,0
广东,2.26,1347,7,873,0,0,32,0
甘肃,2.26,91,2,81,0,0,1,0
福建,2.26,296,1,225,2,2,20,0
北京,2.26,410,5,248,10,10,13,1
澳门,2.26,10,0,7,0,0,0,0
安徽,2.26,989,6,815,0,0,51,0
重庆,2.27,576,6,401,0,0,17,0
浙江,2.27,1205,1,943,0,0,62,0
云南,2.27,174,2,150,0,0,6,0
新疆,2.27,76,2,43,0,0,9,0
香港,2.27,93,2,26,2,2,2,0
西藏,2.27,1,0,1,0,0,0,0
天津,2.27,136,3,105,1,1,9,0
台湾,2.27,32,1,6,0,0,1,0
四川,2.27,538,3,326,4,4,16,0
上海,2.27,337,3,276,0,0,4,0
陕西,2.27,245,1,197,0,0,3,0
山西,2.27,133,0,112,0,0,5,0
山东,2.27,756,6,390,0,0,9,0
青海,2.27,18,0,18,0,0,0,0
宁夏,2.27,72,0,68,0,0,3,0
内蒙古,2.27,75,0,43,0,0,5,0
辽宁,2.27,121,1,93,0,0,1,0
江西,2.27,935,1,790,1,1,36,0
江苏,2.27,631,0,506,0,0,12,0
吉林,2.27,93,1,68,0,0,3,0
湖南,2.27,1017,4,820,0,0,27,0
湖北,2.27,65914,2682,26403,318,318,3203,41
黑龙江,2.27,480,13,280,0,0,18,0
河南,2.27,1272,20,1103,0,0,41,0
河北,2.27,318,6,274,1,1,13,0
海南,2.27,168,5,132,0,0,3,0
贵州,2.27,146,2,112,0,0,0,0
广西,2.27,252,2,166,0,0,7,0
广东,2.27,1348,7,919,1,1,46,0
甘肃,2.27,91,2,82,0,0,1,0
福建,2.27,296,1,232,0,0,7,0
北京,2.27,410,7,257,0,0,9,2
澳门,2.27,10,0,8,0,0,1,0
安徽,2.27,990,6,842,1,1,27,0
重庆,2.28,576,6,422,0,0,21,0
浙江,2.28,1205,1,987,0,0,44,0
云南,2.28,174,2,156,0,0,6,0
新疆,2.28,76,3,52,0,0,9,1
香港,2.28,94,2,30,1,1,4,0
西藏,2.28,1,0,1,0,0,0,0
天津,2.28,136,3,105,1,1,0,0
台湾,2.28,34,1,9,2,2,3,0
四川,2.28,538,3,350,0,0,24,0
上海,2.28,337,3,279,0,0,3,0
陕西,2.28,245,1,200,0,0,3,0
山西,2.28,133,0,112,0,0,5,0
山东,2.28,756,6,411,0,0,21,0
青海,2.28,18,0,18,0,0,0,0
宁夏,2.28,73,0,68,1,1,0,0
内蒙古,2.28,75,0,46,0,0,3,0
辽宁,2.28,121,1,93,0,0,0,0
江西,2.28,935,1,811,0,0,21,0
江苏,2.28,631,0,519,0,0,13,0
吉林,2.28,93,1,73,0,0,5,0
湖南,2.28,1018,4,841,1,1,21,0
湖北,2.28,66337,2727,28895,423,423,2492,45
黑龙江,2.28,480,13,295,0,0,15,0
河南,2.28,1272,21,1161,0,0,58,1
河北,2.28,318,6,277,0,0,3,0
海南,2.28,168,5,136,0,0,4,0
贵州,2.28,146,2,112,0,0,0,0
广西,2.28,252,2,172,0,0,6,0
广东,2.28,1349,7,972,1,1,53,0
甘肃,2.28,91,2,82,0,0,0,0
福建,2.28,296,1,241,0,0,9,0
北京,2.28,411,8,271,1,1,14,1
澳门,2.28,10,0,8,0,0,0,0
安徽,2.28,990,6,868,0,0,26,0
重庆,2.29,576,6,438,0,0,16,0
浙江,2.29,1205,1,1027,0,0,40,0
云南,2.29,174,2,163,0,0,7,0
新疆,2.29,76,3,62,0,0,10,0
香港,2.29,95,2,33,1,1,3,0
西藏,2.29,1,0,1,0,0,0,0
天津,2.29,136,3,109,0,0,4,0
台湾,2.29,39,1,9,2,2,0,0
四川,2.29,538,3,363,0,0,13,0
上海,2.29,337,3,287,0,0,8,0
陕西,2.29,245,1,207,0,0,7,0
山西,2.29,133,0,114,0,0,2,0
山东,2.29,756,6,431,0,0,20,0
青海,2.29,18,0,18,0,0,0,0
宁夏,2.29,73,0,69,0,0,1,0
内蒙古,2.29,75,0,51,0,0,5,0
辽宁,2.29,122,1,101,1,1,8,0
江西,2.29,935,1,831,0,0,20,0
江苏,2.29,631,0,529,0,0,10,0
吉林,2.29,93,1,75,0,0,2,0
湖南,2.29,1018,4,853,0,0,12,0
湖北,2.29,66907,2761,31187,570,570,2292,34
黑龙江,2.29,480,13,330,0,0,35,0
河南,2.29,1272,22,1185,0,0,24,1
河北,2.29,318,6,283,0,0,6,0
海南,2.29,168,5,148,0,0,12,0
贵州,2.29,146,2,112,0,0,0,0
广西,2.29,252,2,179,0,0,7,0
广东,2.29,1349,7,1009,0,0,37,0
甘肃,2.29,91,2,84,0,0,2,0
福建,2.29,296,1,243,0,0,2,0
北京,2.29,411,8,271,1,1,0,0
澳门,2.29,10,0,8,0,0,0,0
安徽,2.29,990,6,888,0,0,20,0
重庆,3.01,576,6,450,0,0,12,0
浙江,3.01,1206,1,1050,0,0,23,0
云南,3.01,174,2,163,0,0,0,0
新疆,3.01,76,3,64,0,0,2,0
香港,3.01,98,2,36,2,2,3,0
西藏,3.01,1,0,1,0,0,0,0
天津,3.01,136,3,111,0,0,2,0
台湾,3.01,41,1,12,1,1,3,0
四川,3.01,538,3,378,0,0,15,0
上海,3.01,337,3,292,0,0,5,0
陕西,3.01,245,1,209,0,0,2,0
山西,3.01,133,0,116,0,0,2,0
山东,3.01,758,6,455,2,2,24,0
青海,3.01,18,0,18,0,0,0,0
宁夏,3.01,74,0,69,1,1,0,0
内蒙古,3.01,75,0,51,0,0,0,0
辽宁,3.01,122,1,103,1,1,2,0
江西,3.01,935,1,850,0,0,19,0
江苏,3.01,631,0,536,0,0,7,0
吉林,3.01,93,1,78,0,0,3,0
湖南,3.01,1018,4,876,0,0,23,0
湖北,3.01,67103,2803,33757,196,196,2570,42
黑龙江,3.01,480,13,350,0,0,20,0
河南,3.01,1272,22,1205,0,0,20,0
河北,3.01,318,6,294,0,0,11,0
海南,3.01,168,5,151,0,0,3,0
贵州,3.01,146,2,114,0,0,2,0
广西,3.01,252,2,188,0,0,9,0
广东,3.01,1350,7,1034,1,1,25,0
甘肃,3.01,91,2,84,0,0,0,0
福建,3.01,296,1,247,0,0,4,0
北京,3.01,414,8,282,1,1,11,0
澳门,3.01,10,0,8,0,0,0,0
安徽,3.01,990,6,917,0,0,29,0
重庆,3.02,576,6,469,0,0,19,0
浙江,3.02,1213,1,1086,7,7,36,0
云南,3.02,174,2,168,0,0,5,0
新疆,3.02,76,3,64,0,0,0,0
香港,3.02,100,2,36,2,2,0,0
西藏,3.02,1,0,1,0,0,0,0
天津,3.02,136,3,118,0,0,7,0
台湾,3.02,41,1,12,1,1,0,0
四川,3.02,538,3,389,0,0,11,0
上海,3.02,338,3,294,1,1,2,0
陕西,3.02,245,1,216,0,0,7,0
山西,3.02,133,0,119,0,0,3,0
山东,3.02,758,6,497,0,0,42,0
青海,3.02,18,0,18,0,0,0,0
宁夏,3.02,74,0,69,0,0,0,0
内蒙古,3.02,75,0,54,0,0,3,0
辽宁,3.02,125,1,103,3,3,0,0
江西,3.02,935,1,870,0,0,20,0
江苏,3.02,631,0,555,0,0,19,0
吉林,3.02,93,1,83,0,0,5,0
湖南,3.02,1018,4,892,0,0,16,0
湖北,3.02,67217,2834,36167,114,114,2410,31
黑龙江,3.02,480,13,358,0,0,8,0
河南,3.02,1272,22,1223,0,0,18,0
河北,3.02,318,6,297,0,0,3,0
海南,3.02,168,5,151,0,0,0,0
贵州,3.02,146,2,114,0,0,0,0
广西,3.02,252,2,202,0,0,14,0
广东,3.02,1350,7,1081,0,0,47,0
甘肃,3.02,91,2,86,0,0,2,0
福建,3.02,296,1,255,0,0,8,0
北京,3.02,414,8,288,0,0,6,0
澳门,3.02,10,0,9,0,0,1,0
安徽,3.02,990,6,941,0,0,24,0
重庆,3.03,576,6,490,0,0,21,0
浙江,3.03,1213,1,1107,0,0,21,0
云南,3.03,174,2,169,0,0,1,0
新疆,3.03,76,3,68,0,0,4,0
香港,3.03,100,2,37,0,0,1,0
西藏,3.03,1,0,1,0,0,0,0
天津,3.03,136,3,124,0,0,6,0
台湾,3.03,42,1,12,1,1,0,0
四川,3.03,538,3,400,0,0,11,0
上海,3.03,338,3,298,0,0,4,0
陕西,3.03,245,1,216,0,0,0,0
山西,3.03,133,0,124,0,0,5,0
山东,3.03,758,6,511,0,0,14,0
青海,3.03,18,0,18,0,0,0,0
宁夏,3.03,75,0,69,1,1,0,0
内蒙古,3.03,75,1,59,0,0,5,1
辽宁,3.03,125,1,106,0,0,3,0
江西,3.03,935,1,884,0,0,14,0
江苏,3.03,631,0,565,0,0,10,0
吉林,3.03,93,1,84,0,0,1,0
湖南,3.03,1018,4,913,0,0,21,0
湖北,3.03,67332,2871,38556,115,115,2389,37
黑龙江,3.03,480,13,372,0,0,14,0
河南,3.03,1272,22,1234,0,0,11,0
河北,3.03,318,6,300,0,0,3,0
海南,3.03,168,5,155,0,0,4,0
贵州,3.03,146,2,114,0,0,0,0
广西,3.03,252,2,202,0,0,0,0
广东,3.03,1350,7,1129,0,0,48,0
甘肃,3.03,91,2,87,0,0,1,0
福建,3.03,296,1,261,0,0,6,0
北京,3.03,414,8,288,0,0,0,0
澳门,3.03,10,0,9,0,0,1,0
安徽,3.03,990,6,956,0,0,15,0
重庆,3.04,576,6,502,0,0,12,0
浙江,3.04,1215,1,1130,2,2,23,0
云南,3.04,174,2,169,0,0,0,0
新疆,3.04,76,3,69,0,0,1,0
香港,3.04,104,2,43,4,4,6,0
西藏,3.04,1,0,1,0,0,0,0
天津,3.04,136,3,128,0,0,4,0
台湾,3.04,42,1,12,0,0,0,0
四川,3.04,539,3,418,1,1,18,0
上海,3.04,339,3,303,1,1,5,0
陕西,3.04,245,1,222,0,0,6,0
山西,3.04,133,0,124,0,0,0,0
山东,3.04,758,6,576,0,0,65,0
青海,3.04,18,0,18,0,0,0,0
宁夏,3.04,75,0,69,0,0,0,0
内蒙古,3.04,75,1,63,0,0,4,0
辽宁,3.04,125,1,106,0,0,0,0
江西,3.04,935,1,901,0,0,17,0
江苏,3.04,631,0,580,0,0,15,0
吉林,3.04,93,1,86,0,0,2,0
湖南,3.04,1018,4,933,0,0,20,0
湖北,3.04,67466,2902,40479,134,134,1923,31
黑龙江,3.04,481,13,379,1,1,7,0
河南,3.04,1272,22,1239,0,0,5,0
河北,3.04,318,6,301,0,0,1,0
海南,3.04,168,5,158,0,0,3,0
贵州,3.04,146,2,114,0,0,0,0
广西,3.04,252,2,213,0,0,11,0
广东,3.04,1350,7,1159,0,0,30,0
甘肃,3.04,102,2,87,11,11,0,0
福建,3.04,296,1,270,0,0,9,0
北京,3.04,418,8,297,1,1,9,0
澳门,3.04,10,0,10,0,0,1,0
安徽,3.04,990,6,970,0,0,14,0
重庆,3.05,576,6,502,0,0,0,0
浙江,3.05,1215,1,1130,2,2,0,0
云南,3.05,174,2,169,0,0,0,0
新疆,3.05,76,3,70,0,0,1,0
香港,3.05,104,2,46,0,0,3,0
西藏,3.05,1,0,1,0,0,0,0
天津,3.05,136,3,128,0,0,0,0
台湾,3.05,44,1,12,2,2,0,0
四川,3.05,539,3,418,1,1,0,0
上海,3.05,342,3,306,3,3,3,0
陕西,3.05,245,1,224,0,0,2,0
山西,3.05,133,0,124,0,0,0,0
山东,3.05,758,6,577,0,0,1,0
青海,3.05,18,0,18,0,0,0,0
宁夏,3.05,75,0,69,0,0,0,0
内蒙古,3.05,75,1,63,0,0,0,0
辽宁,3.05,125,1,106,0,0,0,0
江西,3.05,935,1,901,0,0,0,0
江苏,3.05,631,0,588,0,0,8,0
吉林,3.05,93,1,88,0,0,2,0
湖南,3.05,1018,4,933,0,0,0,0
湖北,3.05,67592,2931,41966,126,126,1487,29
黑龙江,3.05,481,13,380,0,0,1,0
河南,3.05,1272,22,1239,0,0,0,0
河北,3.05,318,6,304,0,0,3,0
海南,3.05,168,6,158,0,0,0,1
贵州,3.05,146,2,114,0,0,0,0
广西,3.05,252,2,217,0,0,4,0
广东,3.05,1351,7,1181,1,1,22,0
甘肃,3.05,119,2,87,17,17,0,0
福建,3.05,296,1,278,0,0,8,0
北京,3.05,422,8,298,4,4,1,0
澳门,3.05,10,0,10,0,0,1,0
安徽,3.05,990,6,970,0,0,0,0
重庆,3.06,576,6,520,0,0,18,0
浙江,3.06,1215,1,1161,0,0,31,0
云南,3.06,174,2,170,0,0,1,0
新疆,3.06,76,3,71,0,0,1,0
香港,3.06,108,2,51,1,1,5,0
西藏,3.06,1,0,1,0,0,0,0
天津,3.06,136,3,128,0,0,0,0
台湾,3.06,45,1,12,1,1,0,0
四川,3.06,539,3,448,0,0,30,0
上海,3.06,342,3,313,0,0,7,0
陕西,3.06,245,1,226,0,0,2,0
山西,3.06,133,0,126,0,0,2,0
山东,3.06,758,6,625,0,0,48,0
青海,3.06,18,0,18,0,0,0,0
宁夏,3.06,75,0,71,0,0,2,0
内蒙古,3.06,75,1,65,0,0,2,0
辽宁,3.06,125,1,106,0,0,0,0
江西,3.06,935,1,916,0,0,15,0
江苏,3.06,631,0,601,0,0,13,0
吉林,3.06,93,1,90,0,0,2,0
湖南,3.06,1018,4,959,0,0,26,0
湖北,3.06,67666,2959,43468,74,74,1502,28
黑龙江,3.06,481,13,402,0,0,22,0
河南,3.06,1272,22,1243,0,0,4,0
河北,3.06,318,6,305,0,0,1,0
海南,3.06,168,6,158,0,0,0,0
贵州,3.06,146,2,115,0,0,1,0
广西,3.06,252,2,219,0,0,2,0
广东,3.06,1352,7,1233,1,1,52,0
甘肃,3.06,120,2,87,1,1,0,0
福建,3.06,296,1,284,0,0,6,0
北京,3.06,426,8,303,4,4,5,0
澳门,3.06,10,0,10,0,0,1,0
安徽,3.06,990,6,981,0,0,11,0
重庆,3.07,576,6,526,0,0,6,0
浙江,3.07,1215,1,1169,0,0,8,0
云南,3.07,174,2,170,0,0,0,0
新疆,3.07,76,3,72,0,0,1,0
香港,3.07,114,3,58,6,6,7,1
西藏,3.07,1,0,1,0,0,0,0
天津,3.07,136,3,129,0,0,1,0
台湾,3.07,45,1,13,0,0,1,0
四川,3.07,539,3,457,0,0,9,0
上海,3.07,342,3,314,0,0,1,0
陕西,3.07,245,1,226,0,0,0,0
山西,3.07,133,0,126,0,0,0,0
山东,3.07,758,6,638,0,0,13,0
青海,3.07,18,0,18,0,0,0,0
宁夏,3.07,75,0,71,0,0,0,0
内蒙古,3.07,75,1,68,0,0,3,0
辽宁,3.07,125,1,108,0,0,2,0
江西,3.07,935,1,918,0,0,2,0
江苏,3.07,631,0,610,0,0,9,0
吉林,3.07,93,1,90,0,0,0,0
湖南,3.07,1018,4,965,0,0,6,0
湖北,3.07,67707,2986,45011,41,41,1543,27
黑龙江,3.07,481,13,409,0,0,7,0
河南,3.07,1272,22,1246,0,0,3,0
河北,3.07,318,6,307,0,0,2,0
海南,3.07,168,6,158,0,0,0,0
贵州,3.07,146,2,117,0,0,2,0
广西,3.07,252,2,223,0,0,4,0
广东,3.07,1352,7,1250,0,0,17,0
甘肃,3.07,124,2,87,4,4,0,0
福建,3.07,296,1,295,0,0,11,0
北京,3.07,428,8,308,2,2,5,0
澳门,3.07,10,0,10,0,0,0,0
安徽,3.07,990,6,984,0,0,3,0
重庆,3.08,576,6,527,0,0,1,0
浙江,3.08,1215,1,1182,0,0,13,0
云南,3.08,174,2,170,0,0,0,0
新疆,3.08,76,3,73,0,0,1,0
香港,3.08,115,3,59,1,1,1,0
西藏,3.08,1,0,1,0,0,0,0
天津,3.08,136,3,130,0,0,1,0
台湾,3.08,45,1,15,0,0,2,0
四川,3.08,539,3,465,0,0,8,0
上海,3.08,342,3,315,0,0,1,0
陕西,3.08,245,1,227,0,0,1,0
山西,3.08,133,0,127,0,0,1,0
山东,3.08,758,6,699,0,0,61,0
青海,3.08,18,0,18,0,0,0,0
宁夏,3.08,75,0,71,0,0,0,0
内蒙古,3.08,75,1,70,0,0,2,0
辽宁,3.08,125,1,109,0,0,1,0
江西,3.08,935,1,923,0,0,5,0
江苏,3.08,631,0,618,0,0,8,0
吉林,3.08,93,1,90,0,0,0,0
湖南,3.08,1018,4,979,0,0,14,0
湖北,3.08,67743,3007,46433,36,36,1422,21
黑龙江,3.08,481,13,421,0,0,12,0
河南,3.08,1272,22,1247,0,0,1,0
河北,3.08,318,6,307,0,0,0,0
海南,3.08,168,6,159,0,0,1,0
贵州,3.08,146,2,123,0,0,6,0
广西,3.08,252,2,230,0,0,7,0
广东,3.08,1352,8,1260,0,0,10,1
甘肃,3.08,124,2,88,4,4,1,0
福建,3.08,296,1,295,0,0,0,0
北京,3.08,428,8,315,0,0,7,0
澳门,3.08,10,0,10,0,0,0,0
安徽,3.08,990,6,984,0,0,0,0
重庆,3.09,576,6,542,0,0,15,0
浙江,3.09,1215,1,1190,0,0,8,0
云南,3.09,174,2,170,0,0,0,0
新疆,3.09,76,3,73,0,0,0,0
香港,3.09,115,3,60,1,1,1,0
西藏,3.09,1,0,1,0,0,0,0
天津,3.09,136,3,130,0,0,0,0
台湾,3.09,45,1,15,0,0,0,0
四川,3.09,539,3,470,0,0,5,0
上海,3.09,344,3,319,2,2,4,0
陕西,3.09,245,1,227,0,0,0,0
山西,3.09,133,0,131,0,0,4,0
山东,3.09,758,6,719,0,0,20,0
青海,3.09,18,0,18,0,0,0,0
宁夏,3.09,75,0,71,0,0,0,0
内蒙古,3.09,75,1,70,0,0,0,0
辽宁,3.09,125,1,110,0,0,1,0
江西,3.09,935,1,927,0,0,4,0
江苏,3.09,631,0,622,0,0,4,0
吉林,3.09,93,1,91,0,0,1,0
湖南,3.09,1018,4,988,0,0,9,0
湖北,3.09,67760,3024,47585,17,17,1152,17
黑龙江,3.09,481,13,434,0,0,13,0
河南,3.09,1272,22,1247,0,0,0,0
河北,3.09,318,6,307,0,0,0,0
海南,3.09,168,6,159,0,0,0,0
贵州,3.09,146,2,129,0,0,6,0
广西,3.09,252,2,234,0,0,4,0
广东,3.09,1353,8,1270,1,1,10,0
甘肃,3.09,125,2,88,1,1,0,0
福建,3.09,296,1,295,0,0,0,0
北京,3.09,429,8,320,1,1,5,0
澳门,3.09,10,0,10,0,0,0,0
安徽,3.09,990,6,984,0,0,0,0
重庆,3.1,576,6,547,0,0,5,0
浙江,3.1,1215,1,1205,0,0,15,0
云南,3.1,174,2,170,0,0,0,0
新疆,3.1,76,3,73,0,0,0,0
香港,3.1,120,3,65,5,5,5,0
西藏,3.1,1,0,1,0,0,0,0
天津,3.1,136,3,131,0,0,1,0
台湾,3.1,47,1,17,2,2,2,0
四川,3.1,539,3,484,0,0,14,0
上海,3.1,344,3,320,0,0,1,0
陕西,3.1,245,1,229,0,0,2,0
山西,3.1,133,0,132,0,0,1,0
山东,3.1,759,6,721,1,1,2,0
青海,3.1,18,0,18,0,0,0,0
宁夏,3.1,75,0,71,0,0,0,0
内蒙古,3.1,75,1,70,0,0,0,0
辽宁,3.1,125,1,111,0,0,1,0
江西,3.1,935,1,932,0,0,5,0
江苏,3.1,631,0,627,0,0,5,0
吉林,3.1,93,1,91,0,0,0,0
湖南,3.1,1018,4,995,0,0,7,0
湖北,3.1,67773,3046,49056,13,13,1471,22
黑龙江,3.1,482,13,435,1,1,1,0
河南,3.1,1272,22,1249,0,0,2,0
河北,3.1,318,6,307,0,0,0,0
海南,3.1,168,6,159,0,0,0,0
贵州,3.1,146,2,133,0,0,4,0
广西,3.1,252,2,237,0,0,3,0
广东,3.1,1353,8,1282,0,0,12,0
甘肃,3.1,127,2,88,2,2,0,0
福建,3.1,296,1,295,0,0,0,0
北京,3.1,435,8,326,6,6,6,0
澳门,3.1,10,0,10,0,0,0,0
安徽,3.1,990,6,984,0,0,0,0
重庆,3.11,576,6,554,0,0,7,0
浙江,3.11,1215,1,1209,0,0,4,0
云南,3.11,174,2,170,0,0,0,0
新疆,3.11,76,3,73,0,0,0,0
香港,3.11,129,3,67,9,9,2,0
西藏,3.11,1,0,1,0,0,0,0
天津,3.11,136,3,132,0,0,1,0
台湾,3.11,48,1,17,1,1,0,0
四川,3.11,539,3,494,0,0,10,0
上海,3.11,344,3,321,0,0,1,0
陕西,3.11,245,2,232,0,0,3,1
山西,3.11,133,0,131,0,0,-1,0
山东,3.11,760,6,733,1,1,12,0
青海,3.11,18,0,18,0,0,0,0
宁夏,3.11,75,0,71,0,0,0,0
内蒙古,3.11,75,1,71,0,0,1,0
辽宁,3.11,125,1,111,0,0,0,0
江西,3.11,935,1,934,0,0,2,0
江苏,3.11,631,0,628,0,0,1,0
吉林,3.11,93,1,91,0,0,0,0
湖南,3.11,1018,4,998,0,0,3,0
湖北,3.11,67781,3056,50298,8,8,1242,10
黑龙江,3.11,482,13,440,0,0,5,0
河南,3.11,1273,22,1249,1,1,0,0
河北,3.11,318,6,307,0,0,0,0
海南,3.11,168,6,160,0,0,1,0
贵州,3.11,146,2,133,0,0,0,0
广西,3.11,252,2,241,0,0,4,0
广东,3.11,1356,8,1288,3,3,6,0
甘肃,3.11,127,2,88,2,2,0,0
福建,3.11,296,1,295,0,0,0,0
北京,3.11,435,8,334,0,0,8,0
澳门,3.11,10,0,10,0,0,0,0
安徽,3.11,990,6,984,0,0,0,0
重庆,3.12,576,6,564,0,0,10,0
浙江,3.12,1215,1,1209,0,0,0,0
云南,3.12,174,2,170,0,0,0,0
新疆,3.12,76,3,73,0,0,0,0
香港,3.12,131,4,75,2,2,8,1
西藏,3.12,1,0,1,0,0,0,0
天津,3.12,136,3,132,0,0,0,0
台湾,3.12,49,1,20,1,1,3,0
四川,3.12,539,3,500,0,0,6,0
上海,3.12,346,3,324,2,2,3,0
陕西,3.12,245,2,232,0,0,0,0
山西,3.12,133,0,132,0,0,1,0
山东,3.12,760,7,739,0,0,6,1
青海,3.12,18,0,18,0,0,0,0
宁夏,3.12,75,0,72,0,0,1,0
内蒙古,3.12,75,1,71,0,0,0,0
辽宁,3.12,125,1,112,0,0,1,0
江西,3.12,935,1,934,0,0,0,0
江苏,3.12,631,0,630,0,0,2,0
吉林,3.12,93,1,91,0,0,0,0
湖南,3.12,1018,4,1004,0,0,6,0
湖北,3.12,67786,3062,51553,5,5,1255,6
黑龙江,3.12,482,13,446,0,0,6,0
河南,3.12,1273,22,1249,0,0,0,0
河北,3.12,318,6,310,0,0,3,0
海南,3.12,168,6,160,0,0,0,0
贵州,3.12,146,2,140,0,0,7,0
广西,3.12,252,2,243,0,0,2,0
广东,3.12,1356,8,1296,0,0,8,0
甘肃,3.12,127,2,88,2,2,0,0
福建,3.12,296,1,295,0,0,0,0
北京,3.12,436,8,342,1,1,8,0
澳门,3.12,10,0,10,0,0,0,0
安徽,3.12,990,6,984,0,0,0,0
重庆,3.13,576,6,566,0,0,2,0
浙江,3.13,1227,1,1211,0,0,2,0
云南,3.13,174,2,170,0,0,0,0
新疆,3.13,76,3,73,0,0,0,0
香港,3.13,137,4,78,6,6,3,0
西藏,3.13,1,0,1,0,0,0,0
天津,3.13,136,3,132,0,0,0,0
台湾,3.13,50,1,20,1,1,0,0
四川,3.13,539,3,510,0,0,10,0
上海,3.13,350,3,324,4,4,0,0
陕西,3.13,245,2,232,0,0,0,0
山西,3.13,133,0,133,0,0,1,0
山东,3.13,760,7,741,0,0,2,0
青海,3.13,18,0,18,0,0,0,0
宁夏,3.13,75,0,72,0,0,0,0
内蒙古,3.13,75,1,71,0,0,0,0
辽宁,3.13,125,1,113,0,0,1,0
江西,3.13,935,1,934,0,0,0,0
江苏,3.13,631,0,630,0,0,0,0
吉林,3.13,93,1,91,0,0,0,0
湖南,3.13,1018,4,1009,0,0,5,0
湖北,3.13,67790,3075,52943,4,4,1390,13
黑龙江,3.13,482,13,447,0,0,1,0
河南,3.13,1273,22,1249,0,0,0,0
河北,3.13,318,6,310,0,0,0,0
海南,3.13,168,6,160,0,0,0,0
贵州,3.13,146,2,143,0,0,3,0
广西,3.13,252,2,243,0,0,0,0
广东,3.13,1356,8,1299,0,0,3,0
甘肃,3.13,129,2,89,2,2,1,0
福建,3.13,296,1,295,0,0,0,0
北京,3.13,437,8,349,1,1,7,0
澳门,3.13,10,0,10,0,0,0,0
安徽,3.13,990,6,984,0,0,0,0
重庆,3.14,576,6,569,0,0,3,0
浙江,3.14,1231,1,1211,4,4,0,0
云南,3.14,174,2,172,0,0,2,0
新疆,3.14,76,3,73,0,0,0,0
香港,3.14,141,4,81,4,4,3,0
西藏,3.14,1,0,1,0,0,0,0
天津,3.14,136,3,132,0,0,0,0
台湾,3.14,53,1,20,3,3,0,0
四川,3.14,539,3,515,0,0,5,0
上海,3.14,353,3,324,3,3,0,0
陕西,3.14,245,2,232,0,0,0,0
山西,3.14,133,0,133,0,0,0,0
山东,3.14,760,7,741,0,0,0,0
青海,3.14,18,0,18,0,0,0,0
宁夏,3.14,75,0,73,0,0,1,0
内蒙古,3.14,75,1,71,0,0,0,0
辽宁,3.14,125,1,113,0,0,0,0
江西,3.14,935,1,934,0,0,0,0
江苏,3.14,631,0,631,0,0,1,0
吉林,3.14,93,1,91,0,0,0,0
湖南,3.14,1018,4,1014,0,0,5,0
湖北,3.14,67794,3085,54278,4,4,1335,10
黑龙江,3.14,482,13,453,0,0,6,0
河南,3.14,1273,22,1250,0,0,1,0
河北,3.14,318,6,310,0,0,0,0
海南,3.14,168,6,160,0,0,0,0
贵州,3.14,146,2,143,0,0,0,0
广西,3.14,252,2,243,0,0,0,0
广东,3.14,1357,8,1299,1,1,0,0
甘肃,3.14,132,2,91,3,3,2,0
福建,3.14,296,1,295,0,0,0,0
北京,3.14,442,8,353,5,5,4,0
澳门,3.14,10,0,10,0,0,0,0
安徽,3.14,990,6,984,0,0,0,0
重庆,3.15,576,6,570,0,0,1,0
浙江,3.15,1231,1,1213,0,0,2,0
云南,3.15,175,2,172,1,1,0,0
新疆,3.15,76,3,73,0,0,0,0
香港,3.15,148,4,84,7,7,3,0
西藏,3.15,1,0,1,0,0,0,0
天津,3.15,136,3,133,0,0,1,0
台湾,3.15,59,1,20,6,6,0,0
四川,3.15,539,3,516,0,0,1,0
上海,3.15,355,3,325,2,2,1,0
陕西,3.15,245,2,232,0,0,0,0
山西,3.15,133,0,133,0,0,0,0
山东,3.15,760,7,743,0,0,2,0
青海,3.15,18,0,18,0,0,0,0
宁夏,3.15,75,0,73,0,0,0,0
内蒙古,3.15,75,1,71,0,0,0,0
辽宁,3.15,125,1,114,0,0,1,0
江西,3.15,935,1,934,0,0,0,0
江苏,3.15,631,0,631,0,0,0,0
吉林,3.15,93,1,92,0,0,1,0
湖南,3.15,1018,4,1014,0,0,0,0
湖北,3.15,67798,3099,55094,4,4,816,14
黑龙江,3.15,482,13,454,0,0,1,0
河南,3.15,1273,22,1250,0,0,0,0
河北,3.15,318,6,310,0,0,0,0
海南,3.15,168,6,160,0,0,0,0
贵州,3.15,146,2,143,0,0,0,0
广西,3.15,252,2,247,0,0,4,0
广东,3.15,1361,8,1306,4,4,7,0
甘肃,3.15,133,2,91,1,1,0,0
福建,3.15,296,1,295,0,0,0,0
北京,3.15,446,8,358,4,4,5,0
澳门,3.15,10,0,10,0,0,0,0
安徽,3.15,990,6,984,0,0,0,0
重庆,3.16,576,6,570,0,0,0,0
浙江,3.16,1231,1,1213,1,1,0,0
云南,3.16,176,2,172,1,1,0,0
新疆,3.16,76,3,73,0,0,0,0
香港,3.16,157,4,88,9,9,4,0
西藏,3.16,1,0,1,0,0,0,0
天津,3.16,136,3,133,0,0,0,0
台湾,3.16,67,1,22,8,8,2,0
四川,3.16,539,3,520,0,0,4,0
上海,3.16,358,3,325,3,3,0,0
陕西,3.16,246,3,233,1,1,1,1
山西,3.16,133,0,133,0,0,0,0
山东,3.16,761,7,746,1,1,3,0
青海,3.16,18,0,18,0,0,0,0
宁夏,3.16,75,0,75,0,0,2,0
内蒙古,3.16,75,1,73,0,0,2,0
辽宁,3.16,125,1,119,0,0,5,0
江西,3.16,935,1,934,0,0,0,0
江苏,3.16,631,0,631,0,0,0,0
吉林,3.16,93,1,92,0,0,0,0
湖南,3.16,1018,4,1014,0,0,0,0
湖北,3.16,67798,3111,55987,4,4,893,12
黑龙江,3.16,482,13,456,0,0,2,0
河南,3.16,1273,22,1250,0,0,0,0
河北,3.16,318,6,310,0,0,0,0
海南,3.16,168,6,161,0,0,1,0
贵州,3.16,146,2,144,0,0,1,0
广西,3.16,253,2,248,1,1,1,0
广东,3.16,1364,8,1307,3,3,1,0
甘肃,3.16,133,2,91,0,0,0,0
福建,3.16,296,1,295,0,0,0,0
北京,3.16,455,8,368,9,9,10,0
澳门,3.16,11,0,10,1,1,0,0
安徽,3.16,990,6,984,0,0,0,0
重庆,3.17,576,6,570,0,0,0,0
浙江,3.17,1232,1,1216,0,0,3,0
云南,3.17,176,2,172,0,0,0,0
新疆,3.17,76,3,73,0,0,0,0
香港,3.17,167,4,92,10,10,4,0
西藏,3.17,1,0,1,0,0,0,0
天津,3.17,136,3,133,0,0,0,0
台湾,3.17,77,1,22,10,10,0,0
四川,3.17,540,3,525,1,1,5,0
上海,3.17,361,3,325,3,3,0,0
陕西,3.17,246,3,236,0,0,3,0
山西,3.17,133,0,133,0,0,0,0
山东,3.17,761,7,746,0,0,0,0
青海,3.17,18,0,18,0,0,0,0
宁夏,3.17,75,0,75,0,0,0,0
内蒙古,3.17,75,1,73,0,0,0,0
辽宁,3.17,125,1,122,0,0,3,0
江西,3.17,935,1,934,0,0,0,0
江苏,3.17,631,0,631,0,0,0,0
吉林,3.17,93,1,92,0,0,0,0
湖南,3.17,1018,4,1014,0,0,0,0
湖北,3.17,67800,3122,56883,1,1,896,11
黑龙江,3.17,482,13,459,0,0,3,0
河南,3.17,1273,22,1250,0,0,0,0
河北,3.17,318,6,310,0,0,0,0
海南,3.17,168,6,161,0,0,0,0
贵州,3.17,146,2,144,0,0,0,0
广西,3.17,253,2,250,0,0,2,0
广东,3.17,1370,8,1312,6,6,5,0
甘肃,3.17,133,2,91,0,0,0,0
福建,3.17,296,1,295,0,0,0,0
北京,3.17,469,8,378,14,14,10,0
澳门,3.17,13,0,10,2,2,0,0
安徽,3.17,990,6,984,0,0,0,0
重庆,3.18,576,6,570,0,0,0,0
浙江,3.18,1233,1,1217,1,1,1,0
云南,3.18,176,2,172,0,0,0,0
新疆,3.18,76,3,73,0,0,0,0
香港,3.18,192,4,95,25,25,3,0
西藏,3.18,1,0,1,0,0,0,0
天津,3.18,136,3,133,0,0,0,0
台湾,3.18,100,1,22,23,23,0,0
四川,3.18,540,3,531,1,1,6,0
上海,3.18,368,3,326,8,8,1,0
陕西,3.18,246,3,236,0,0,0,0
山西,3.18,133,0,133,0,0,0,0
山东,3.18,761,7,746,0,0,0,0
青海,3.18,18,0,18,0,0,0,0
宁夏,3.18,75,0,75,0,0,0,0
内蒙古,3.18,75,1,74,0,0,1,0
辽宁,3.18,125,1,122,0,0,0,0
江西,3.18,935,1,934,0,0,0,0
江苏,3.18,631,0,631,0,0,0,0
吉林,3.18,93,1,92,0,0,0,0
湖南,3.18,1018,4,1014,0,0,0,0
湖北,3.18,67800,3130,57678,0,0,795,8
黑龙江,3.18,482,13,459,0,0,0,0
河南,3.18,1273,22,1250,0,0,0,0
河北,3.18,318,6,310,0,0,0,0
海南,3.18,168,6,161,0,0,0,0
贵州,3.18,146,2,144,0,0,0,0
广西,3.18,253,2,250,0,0,0,0
广东,3.18,1378,8,1318,8,8,6,0
甘肃,3.18,133,2,91,0,0,0,0
福建,3.18,296,1,295,0,0,0,0
北京,3.18,479,8,378,10,10,0,0
澳门,3.18,15,0,10,2,2,0,0
安徽,3.18,990,6,984,0,0,0,0
重庆,3.19,576,6,570,0,0,0,0
浙江,3.19,1233,1,1217,1,1,0,0
云南,3.19,176,2,172,0,0,0,0
新疆,3.19,76,3,73,0,0,0,0
香港,3.19,208,4,98,16,16,3,0
西藏,3.19,1,0,1,0,0,0,0
天津,3.19,137,3,133,1,1,0,0
台湾,3.19,108,1,26,8,8,4,0
四川,3.19,540,3,531,0,0,0,0
上海,3.19,371,3,326,8,8,0,0
陕西,3.19,247,3,237,1,1,1,0
山西,3.19,133,0,133,0,0,0,0
山东,3.19,762,7,747,1,1,1,0
青海,3.19,18,0,18,0,0,0,0
宁夏,3.19,75,0,75,0,0,0,0
内蒙古,3.19,75,1,74,0,0,0,0
辽宁,3.19,125,1,122,0,0,0,0
江西,3.19,935,1,934,0,0,0,0
江苏,3.19,631,0,631,0,0,0,0
吉林,3.19,93,1,92,0,0,0,0
湖南,3.19,1018,4,1014,0,0,0,0
湖北,3.19,67800,3132,58381,0,0,703,2
黑龙江,3.19,484,13,463,1,1,4,0
河南,3.19,1273,22,1250,0,0,0,0
河北,3.19,318,6,310,0,0,0,0
海南,3.19,168,6,161,0,0,0,0
贵州,3.19,146,2,144,0,0,0,0
广西,3.19,254,2,250,1,1,0,0
广东,3.19,1392,8,1322,14,14,4,0
甘肃,3.19,134,2,98,1,1,7,0
福建,3.19,296,1,295,0,0,0,0
北京,3.19,491,8,390,11,11,12,0
澳门,3.19,17,0,10,2,2,0,0
安徽,3.19,990,6,984,0,0,0,0
重庆,3.2,576,6,570,0,0,0,0
浙江,3.2,1236,1,1219,2,2,2,0
云南,3.2,176,2,172,0,0,0,0
新疆,3.2,76,3,73,0,0,0,0
香港,3.2,256,4,98,48,48,0,0
西藏,3.2,1,0,1,0,0,0,0
天津,3.2,137,3,133,0,0,0,0
台湾,3.2,135,2,28,27,27,2,1
四川,3.2,541,3,536,1,1,5,0
上海,3.2,380,3,326,9,9,0,0
陕西,3.2,248,3,239,1,1,2,0
山西,3.2,133,0,133,0,0,0,0
山东,3.2,762,7,748,1,1,1,0
青海,3.2,18,0,18,0,0,0,0
宁夏,3.2,75,0,75,0,0,0,0
内蒙古,3.2,75,1,74,0,0,0,0
辽宁,3.2,126,2,122,1,1,0,1
江西,3.2,935,1,934,0,0,0,0
江苏,3.2,631,0,631,0,0,0,0
吉林,3.2,93,1,92,0,0,0,0
湖南,3.2,1018,4,1014,0,0,0,0
湖北,3.2,67800,3139,58942,0,0,561,7
黑龙江,3.2,484,13,463,0,0,0,0
河南,3.2,1273,22,1250,0,0,0,0
河北,3.2,318,6,310,0,0,0,0
海南,3.2,168,6,161,0,0,0,0
贵州,3.2,146,2,144,0,0,0,0
广西,3.2,254,2,250,1,1,0,0
广东,3.2,1399,8,1325,7,7,3,0
甘肃,3.2,134,2,113,1,1,15,0
福建,3.2,299,1,295,3,3,0,0
北京,3.2,499,8,392,8,8,2,0
澳门,3.2,17,0,10,0,0,0,0
安徽,3.2,990,6,984,0,0,0,0
重庆,3.21,577,6,570,1,1,0,0
浙江,3.21,1236,1,1219,2,2,0,0
云南,3.21,176,2,172,0,0,0,0
新疆,3.21,76,3,73,0,0,0,0
香港,3.21,273,4,100,17,17,2,0
西藏,3.21,1,0,1,0,0,0,0
天津,3.21,137,3,133,0,0,0,0
台湾,3.21,153,2,28,18,18,0,0
四川,3.21,542,3,536,1,1,0,0
上海,3.21,394,3,328,14,14,2,0
陕西,3.21,248,3,239,0,0,0,0
山西,3.21,133,0,133,0,0,0,0
山东,3.21,764,7,749,2,2,1,0
青海,3.21,18,0,18,0,0,0,0
宁夏,3.21,75,0,75,0,0,0,0
内蒙古,3.21,75,1,74,0,0,0,0
辽宁,3.21,126,2,122,0,0,0,0
江西,3.21,936,1,934,1,1,0,0
江苏,3.21,633,0,631,2,2,0,0
吉林,3.21,93,1,92,0,0,0,0
湖南,3.21,1018,4,1014,0,0,0,0
湖北,3.21,67800,3144,59432,0,0,490,5
黑龙江,3.21,484,13,463,0,0,0,0
河南,3.21,1273,22,1250,0,0,0,0
河北,3.21,319,6,310,1,1,0,0
海南,3.21,168,6,161,0,0,0,0
贵州,3.21,146,2,144,0,0,0,0
广西,3.21,254,2,250,0,0,0,0
广东,3.21,1407,8,1329,8,8,4,0
甘肃,3.21,134,2,113,1,1,15,0
福建,3.21,303,1,295,4,4,0,0
北京,3.21,514,8,398,15,15,6,0
澳门,3.21,18,0,10,2,2,0,0
安徽,3.21,990,6,984,0,0,0,0
重庆,3.22,577,6,570,0,0,0,0
浙江,3.22,1238,1,1221,1,1,2,0
云南,3.22,176,2,172,0,0,0,0
新疆,3.22,76,3,73,0,0,0,0
香港,3.22,317,4,100,83,83,0,0
西藏,3.22,1,0,1,0,0,0,0
天津,3.22,141,3,133,4,4,0,0
台湾,3.22,195,2,28,42,42,0,0
四川,3.22,543,3,536,0,0,0,0
上海,3.22,404,4,328,10,10,0,1
陕西,3.22,248,3,239,0,0,0,0
山西,3.22,133,0,133,0,0,0,0
山东,3.22,768,7,752,2,2,3,0
青海,3.22,18,0,18,0,0,0,0
宁夏,3.22,75,0,75,0,0,0,0
内蒙古,3.22,75,1,74,0,0,0,0
辽宁,3.22,127,2,124,1,1,2,0
江西,3.22,936,1,934,0,0,0,0
江苏,3.22,633,0,631,0,0,0,0
吉林,3.22,93,1,92,0,0,0,0
湖南,3.22,1018,4,1014,0,0,0,0
湖北,3.22,67800,3153,59879,0,0,447,9
黑龙江,3.22,484,13,465,0,0,2,0
河南,3.22,1274,22,1250,1,1,0,0
河北,3.22,319,6,310,0,0,0,0
海南,3.22,168,6,161,0,0,0,0
贵州,3.22,146,2,144,0,0,0,0
广西,3.22,254,2,250,0,0,0,0
广东,3.22,1413,8,1332,6,6,3,0
甘肃,3.22,136,2,114,2,2,1,0
福建,3.22,313,1,295,6,6,0,0
北京,3.22,537,8,401,25,25,3,0
澳门,3.22,21,0,10,3,3,0,0
安徽,3.22,990,6,984,0,0,0,0
重庆,3.23,578,6,570,1,1,0,0
浙江,3.23,1240,1,1221,2,2,0,0
云南,3.23,176,2,172,0,0,0,0
新疆,3.23,76,3,73,0,0,0,0
香港,3.23,356,4,101,39,39,1,0
西藏,3.23,1,0,1,0,0,0,0
天津,3.23,142,3,133,1,1,0,0
台湾,3.23,195,2,29,26,26,1,0
四川,3.23,545,3,536,2,2,0,0
上海,3.23,414,4,329,10,10,1,0
陕西,3.23,249,3,240,1,1,1,0
山西,3.23,134,0,133,1,1,0,0
山东,3.23,768,7,752,0,0,0,0
青海,3.23,18,0,18,0,0,0,0
宁夏,3.23,75,0,75,0,0,0,0
内蒙古,3.23,75,1,74,0,0,0,0
辽宁,3.23,127,2,124,0,0,0,0
江西,3.23,936,1,934,0,0,0,0
江苏,3.23,636,0,631,3,3,0,0
吉林,3.23,93,1,92,0,0,0,0
湖南,3.23,1018,4,1014,0,0,0,0
湖北,3.23,67801,3160,60323,1,1,444,7
黑龙江,3.23,484,13,468,0,0,3,0
河南,3.23,1274,22,1250,0,0,0,0
河北,3.23,319,6,310,0,0,0,0
海南,3.23,168,6,161,0,0,0,0
贵州,3.23,146,2,144,0,0,0,0
广西,3.23,254,2,250,0,0,0,0
广东,3.23,1428,8,1333,15,15,1,0
甘肃,3.23,136,2,119,0,0,5,0
福建,3.23,318,1,295,5,5,0,0
北京,3.23,554,8,401,32,32,0,0
澳门,3.23,25,0,10,4,4,0,0
安徽,3.23,990,6,984,0,0,0,0
重庆,3.24,578,6,570,0,0,0,0
浙江,3.24,1241,1,1221,1,1,0,0
云南,3.24,176,2,172,0,0,0,0
新疆,3.24,76,3,73,0,0,0,0
香港,3.24,386,4,102,30,30,1,0
西藏,3.24,1,0,1,0,0,0,0
天津,3.24,145,3,133,4,4,0,0
台湾,3.24,216,2,29,21,21,0,0
四川,3.24,547,3,536,2,2,0,0
上海,3.24,433,5,330,19,19,1,1
陕西,3.24,250,3,240,1,1,0,0
山西,3.24,134,0,133,0,0,0,0
山东,3.24,769,7,752,1,1,0,0
青海,3.24,18,0,18,0,0,0,0
宁夏,3.24,75,0,75,0,0,0,0
内蒙古,3.24,77,1,74,2,2,0,0
辽宁,3.24,127,2,124,0,0,0,0
江西,3.24,936,1,934,0,0,0,0
江苏,3.24,638,0,631,2,2,0,0
吉林,3.24,94,1,92,1,1,0,0
湖南,3.24,1018,4,1014,0,0,0,0
湖北,3.24,67801,3163,60810,0,0,487,3
黑龙江,3.24,484,13,468,0,0,0,0
河南,3.24,1274,22,1250,0,0,0,0
河北,3.24,319,6,310,0,0,0,0
海南,3.24,168,6,162,0,0,1,0
贵州,3.24,146,2,144,0,0,0,0
广西,3.24,254,2,250,0,0,0,0
广东,3.24,1433,8,1334,5,5,1,0
甘肃,3.24,136,2,121,0,0,2,0
福建,3.24,322,1,295,4,4,0,0
北京,3.24,561,8,403,7,7,2,0
澳门,3.24,26,0,10,1,1,0,0
安徽,3.24,990,6,984,0,0,0,0
重庆,3.25,578,6,570,0,0,0,0
浙江,3.25,1243,1,1222,2,2,1,0
云南,3.25,178,2,172,2,2,0,0
新疆,3.25,76,3,73,0,0,0,0
香港,3.25,410,4,106,24,24,4,0
西藏,3.25,1,0,1,0,0,0,0
天津,3.25,151,3,133,4,4,0,0
台湾,3.25,235,2,29,19,19,0,0
四川,3.25,547,3,536,0,0,0,0
上海,3.25,451,5,330,18,18,0,0
陕西,3.25,253,3,242,3,3,2,0
山西,3.25,135,0,133,1,1,0,0
山东,3.25,769,7,752,2,2,0,0
青海,3.25,18,0,18,0,0,0,0
宁夏,3.25,75,0,75,0,0,0,0
内蒙古,3.25,89,1,74,12,12,0,0
辽宁,3.25,127,2,124,0,0,0,0
江西,3.25,936,1,934,0,0,0,0
江苏,3.25,640,0,631,2,2,0,0
吉林,3.25,95,1,92,1,1,0,0
湖南,3.25,1018,4,1014,0,0,0,0
湖北,3.25,67801,3169,61201,0,0,391,6
黑龙江,3.25,484,13,469,0,0,1,0
河南,3.25,1275,22,1250,1,1,0,0
河北,3.25,319,6,310,0,0,0,0
海南,3.25,168,6,162,0,0,0,0
贵州,3.25,146,2,144,0,0,0,0
广西,3.25,254,2,250,0,0,0,0
广东,3.25,1444,8,1336,11,11,2,0
甘肃,3.25,136,2,121,0,0,0,0
福建,3.25,328,1,295,6,6,0,0
北京,3.25,566,8,406,7,7,3,0
澳门,3.25,30,0,10,4,4,0,0
安徽,3.25,990,6,984,0,0,0,0
重庆,3.26,578,6,570,0,0,0,0
浙江,3.26,1247,1,1222,4,4,0,0
云南,3.26,180,2,172,2,2,0,0
新疆,3.26,76,3,73,0,0,0,0
香港,3.26,453,4,110,43,43,4,0
西藏,3.26,1,0,1,0,0,0,0
天津,3.26,152,3,133,5,5,0,0
台湾,3.26,252,2,29,17,17,0,0
四川,3.26,547,3,536,0,0,0,0
上海,3.26,468,5,331,17,17,1,0
陕西,3.26,253,3,242,0,0,0,0
山西,3.26,135,0,133,0,0,0,0
山东,3.26,771,7,752,2,2,0,0
青海,3.26,18,0,18,0,0,0,0
宁夏,3.26,75,0,75,0,0,0,0
内蒙古,3.26,92,1,74,3,3,0,0
辽宁,3.26,128,2,124,1,1,0,0
江西,3.26,936,1,934,0,0,0,0
江苏,3.26,641,0,631,1,1,0,0
吉林,3.26,95,1,92,0,0,0,0
湖南,3.26,1018,4,1014,0,0,0,0
湖北,3.26,67801,3174,61731,0,0,530,5
黑龙江,3.26,484,13,469,0,0,0,0
河南,3.26,1275,22,1250,0,0,0,0
河北,3.26,319,6,310,0,0,0,0
海南,3.26,168,6,162,0,0,0,0
贵州,3.26,146,2,144,0,0,0,0
广西,3.26,254,2,250,0,0,0,0
广东,3.26,1456,8,1337,12,12,1,0
甘肃,3.26,136,2,125,0,0,4,0
福建,3.26,331,1,295,3,3,0,0
北京,3.26,569,8,406,4,4,0,0
澳门,3.26,33,0,10,3,3,0,0
安徽,3.26,990,6,984,0,0,0,0
重庆,3.27,578,6,570,0,0,0,0
浙江,3.27,1251,1,1225,4,4,3,0
云南,3.27,180,2,172,2,2,0,0
新疆,3.27,76,3,73,0,0,0,0
香港,3.27,518,4,111,65,65,1,0
西藏,3.27,1,0,1,0,0,0,0
天津,3.27,156,3,133,4,4,0,0
台湾,3.27,267,2,30,15,15,1,0
四川,3.27,548,3,536,1,1,0,0
上海,3.27,485,5,334,17,17,3,0
陕西,3.27,253,3,242,0,0,0,0
山西,3.27,135,0,133,0,0,0,0
山东,3.27,772,7,752,0,0,0,0
青海,3.27,18,0,18,0,0,0,0
宁夏,3.27,75,0,75,0,0,0,0
内蒙古,3.27,94,1,74,2,2,0,0
辽宁,3.27,131,2,124,3,3,0,0
江西,3.27,936,1,934,0,0,0,0
江苏,3.27,641,0,631,1,1,0,0
吉林,3.27,97,1,92,2,2,0,0
湖南,3.27,1018,4,1014,0,0,0,0
湖北,3.27,67801,3177,62098,0,0,367,3
黑龙江,3.27,484,13,469,0,0,0,0
河南,3.27,1275,22,1251,0,0,1,0
河北,3.27,319,6,310,0,0,0,0
海南,3.27,168,6,162,0,0,0,0
贵州,3.27,146,2,144,0,0,0,0
广西,3.27,254,2,250,0,0,0,0
广东,3.27,1467,8,1341,11,11,4,0
甘肃,3.27,136,2,125,0,0,0,0
福建,3.27,337,1,295,6,6,0,0
北京,3.27,572,8,409,3,3,3,0
澳门,3.27,35,0,10,2,2,0,0
安徽,3.27,990,6,984,0,0,0,0
重庆,3.28,579,6,570,1,1,0,0
浙江,3.28,1254,1,1225,3,3,0,0
云南,3.28,180,2,172,0,0,0,0
新疆,3.28,76,3,73,0,0,0,0
香港,3.28,582,4,112,64,64,1,0
西藏,3.28,1,0,1,0,0,0,0
天津,3.28,163,3,133,7,7,0,0
台湾,3.28,283,2,30,16,16,0,0
四川,3.28,550,3,536,2,2,0,0
上海,3.28,492,5,334,7,7,0,0
陕西,3.28,253,3,242,0,0,0,0
山西,3.28,136,0,133,1,1,0,0
山东,3.28,772,7,752,0,0,0,0
青海,3.28,18,0,18,0,0,0,0
宁夏,3.28,75,0,75,0,0,0,0
内蒙古,3.28,95,1,74,1,1,0,0
辽宁,3.28,134,2,124,3,3,0,0
江西,3.28,937,1,934,1,1,0,0
江苏,3.28,644,0,631,3,3,0,0
吉林,3.28,98,1,92,1,1,0,0
湖南,3.28,1018,4,1014,0,0,0,0
湖北,3.28,67801,3177,62565,0,0,467,0
黑龙江,3.28,484,13,469,0,0,0,0
河南,3.28,1276,22,1251,1,1,0,0
河北,3.28,319,6,310,0,0,0,0
海南,3.28,168,6,162,0,0,0,0
贵州,3.28,147,2,144,1,1,0,0
广西,3.28,254,2,250,0,0,0,0
广东,3.28,1475,8,1349,8,8,8,0
甘肃,3.28,136,2,125,0,0,0,0
福建,3.28,338,1,295,1,1,0,0
北京,3.28,576,8,411,4,4,2,0
澳门,3.28,37,0,10,3,3,0,0
安徽,3.28,990,6,984,0,0,0,0
重庆,3.29,579,6,570,0,0,0,0
浙江,3.29,1255,1,1225,1,1,0,0
云南,3.29,180,2,172,0,0,0,0
新疆,3.29,76,3,73,0,0,0,0
香港,3.29,641,4,118,59,59,6,0
西藏,3.29,1,0,1,0,0,0,0
天津,3.29,166,3,133,3,3,0,0
台湾,3.29,298,3,39,15,15,9,1
四川,3.29,550,3,536,0,0,0,0
上海,3.29,498,5,334,6,6,0,0
陕西,3.29,253,3,242,0,0,0,0
山西,3.29,136,0,133,0,0,0,0
山东,3.29,773,7,753,1,1,1,0
青海,3.29,18,0,18,0,0,0,0
宁夏,3.29,75,0,75,0,0,0,0
内蒙古,3.29,97,1,74,2,2,0,0
辽宁,3.29,136,2,124,2,2,0,0
江西,3.29,937,1,935,0,0,1,0
江苏,3.29,645,0,631,1,1,0,0
吉林,3.29,98,1,92,0,0,0,0
湖南,3.29,1018,4,1014,0,0,0,0
湖北,3.29,67801,3186,62882,0,0,317,9
黑龙江,3.29,484,13,469,0,0,0,0
河南,3.29,1276,22,1251,0,0,0,0
河北,3.29,319,6,310,0,0,0,0
海南,3.29,168,6,162,0,0,0,0
贵州,3.29,147,2,144,0,0,0,0
广西,3.29,254,2,250,0,0,0,0
广东,3.29,1484,8,1351,9,9,2,0
甘肃,3.29,138,2,125,2,2,0,0
福建,3.29,340,1,295,2,2,0,0
北京,3.29,577,8,412,1,1,1,0
澳门,3.29,38,0,10,1,1,0,0
安徽,3.29,990,6,984,0,0,0,0
重庆,3.3,579,6,570,0,0,0,0
浙江,3.3,1257,1,1226,2,2,1,0
云南,3.3,181,2,172,1,1,0,0
新疆,3.3,76,3,73,0,0,0,0
香港,3.3,682,4,124,41,41,6,0
西藏,3.3,1,0,1,0,0,0,0
天津,3.3,174,3,133,8,8,0,0
台湾,3.3,306,5,39,23,23,0,2
四川,3.3,550,3,536,0,0,0,0
上海,3.3,509,5,338,11,11,4,0
陕西,3.3,253,3,242,0,0,0,0
山西,3.3,136,0,133,0,0,0,0
山东,3.3,774,7,753,1,1,0,0
青海,3.3,18,0,18,0,0,0,0
宁夏,3.3,75,0,75,0,0,0,0
内蒙古,3.3,107,1,74,10,10,0,0
辽宁,3.3,139,2,124,3,3,0,0
江西,3.3,937,1,935,0,0,0,0
江苏,3.3,646,0,631,1,1,0,0
吉林,3.3,98,1,92,0,0,0,0
湖南,3.3,1018,4,1014,0,0,0,0
湖北,3.3,67801,3187,63153,0,0,271,1
黑龙江,3.3,484,13,469,0,0,0,0
河南,3.3,1276,22,1251,0,0,0,0
河北,3.3,321,6,310,2,2,0,0
海南,3.3,168,6,162,0,0,0,0
贵州,3.3,147,2,144,0,0,0,0
广西,3.3,254,2,250,0,0,0,0
广东,3.3,1490,8,1353,6,6,2,0
甘肃,3.3,138,2,125,0,0,0,0
福建,3.3,343,1,295,3,3,0,0
北京,3.3,580,8,416,3,3,4,0
澳门,3.3,39,0,10,1,1,0,0
安徽,3.3,990,6,984,0,0,0,0
重庆,3.31,579,6,570,0,0,0,0
浙江,3.31,1257,1,1226,0,0,0,0
云南,3.31,182,2,172,1,1,0,0
新疆,3.31,76,3,73,0,0,0,0
香港,3.31,714,4,128,32,32,4,0
西藏,3.31,1,0,1,0,0,0,0
天津,3.31,174,3,135,0,0,2,0
台湾,3.31,322,5,39,24,24,0,0
四川,3.31,552,3,536,2,2,0,0
上海,3.31,516,6,341,7,7,3,1
陕西,3.31,255,3,242,2,2,0,0
山西,3.31,137,0,133,1,1,0,0
山东,3.31,774,7,753,0,0,0,0
青海,3.31,18,0,18,0,0,0,0
宁夏,3.31,75,0,75,0,0,0,0
内蒙古,3.31,111,1,74,4,4,0,0
辽宁,3.31,140,2,124,1,1,0,0
江西,3.31,937,1,935,0,0,0,0
江苏,3.31,646,0,631,0,0,0,0
吉林,3.31,98,1,92,0,0,0,0
湖南,3.31,1018,4,1014,0,0,0,0
湖北,3.31,67802,3193,63326,1,1,173,6
黑龙江,3.31,484,13,469,0,0,0,0
河南,3.31,1276,22,1251,0,0,0,0
河北,3.31,323,6,310,2,2,0,0
海南,3.31,168,6,162,0,0,0,0
贵州,3.31,147,2,144,0,0,0,0
广西,3.31,254,2,250,0,0,0,0
广东,3.31,1501,8,1357,11,11,4,0
甘肃,3.31,138,2,125,0,0,0,0
福建,3.31,345,1,297,2,2,2,0
北京,3.31,580,8,418,0,0,2,0
澳门,3.31,41,0,10,3,3,0,0
安徽,3.31,990,6,984,0,0,0,0
重庆,4.01,579,6,570,0,0,0,0
浙江,4.01,1257,1,1226,0,0,0,0
云南,4.01,182,2,172,1,1,0,0
新疆,4.01,76,3,73,0,0,0,0
香港,4.01,714,4,128,32,32,4,0
西藏,4.01,1,0,1,0,0,0,0
天津,4.01,174,3,135,0,0,2,0
台湾,4.01,322,5,39,24,24,0,0
四川,4.01,552,3,536,2,2,0,0
上海,4.01,516,6,341,7,7,3,1
陕西,4.01,255,3,242,2,2,0,0
山西,4.01,137,0,133,1,1,0,0
山东,4.01,774,7,753,0,0,0,0
青海,4.01,18,0,18,0,0,0,0
宁夏,4.01,75,0,75,0,0,0,0
内蒙古,4.01,111,1,74,4,4,0,0
辽宁,4.01,140,2,124,1,1,0,0
江西,4.01,937,1,935,0,0,0,0
江苏,4.01,646,0,631,0,0,0,0
吉林,4.01,98,1,92,0,0,0,0
湖南,4.01,1018,4,1014,0,0,0,0
湖北,4.01,67802,3193,63326,1,1,173,6
黑龙江,4.01,484,13,469,0,0,0,0
河南,4.01,1276,22,1251,0,0,0,0
河北,4.01,323,6,310,2,2,0,0
海南,4.01,168,6,162,0,0,0,0
贵州,4.01,147,2,144,0,0,0,0
广西,4.01,254,2,250,0,0,0,0
广东,4.01,1501,8,1357,11,11,4,0
甘肃,4.01,138,2,125,0,0,0,0
福建,4.01,345,1,297,2,2,2,0
北京,4.01,580,8,418,0,0,2,0
澳门,4.01,41,0,10,3,3,0,0
安徽,4.01,990,6,984,0,0,0,0
重庆,4.02,579,6,570,0,0,0,0
浙江,4.02,1260,1,1228,2,2,0,0
云南,4.02,184,2,172,1,1,0,0
新疆,4.02,76,3,73,0,0,0,0
香港,4.02,802,4,154,37,37,7,0
西藏,4.02,1,0,1,0,0,0,0
天津,4.02,177,3,140,1,1,5,0
台湾,4.02,339,5,50,10,10,5,0
四川,4.02,555,3,537,1,1,0,0
上海,4.02,526,6,343,4,4,0,0
陕西,4.02,255,3,244,0,0,2,0
山西,4.02,137,0,133,0,0,0,0
山东,4.02,778,7,754,3,3,1,0
青海,4.02,18,0,18,0,0,0,0
宁夏,4.02,75,0,75,0,0,0,0
内蒙古,4.02,117,1,74,0,0,0,0
辽宁,4.02,141,2,124,1,1,0,0
江西,4.02,937,1,935,0,0,0,0
江苏,4.02,651,0,632,4,4,1,0
吉林,4.02,98,1,92,0,0,0,0
湖南,4.02,1019,4,1014,0,0,0,0
湖北,4.02,67802,3203,63612,0,0,141,4
黑龙江,4.02,489,13,469,1,1,0,0
河南,4.02,1276,22,1251,0,0,0,0
河北,4.02,326,6,310,1,1,0,0
海南,4.02,168,6,162,0,0,0,0
贵州,4.02,147,2,144,0,0,0,0
广西,4.02,254,2,252,0,0,0,0
广东,4.02,1514,8,1368,7,7,3,0
甘肃,4.02,138,2,127,0,0,0,0
福建,4.02,349,1,300,4,4,1,0
北京,4.02,583,8,434,1,1,10,0
澳门,4.02,41,0,10,0,0,0,0
安徽,4.02,990,6,984,0,0,0,0
重庆,4.03,579,6,570,0,0,0,0
浙江,4.03,1262,1,1229,2,2,1,0
云南,4.03,184,2,172,0,0,0,0
新疆,4.03,76,3,73,0,0,0,0
香港,4.03,845,4,173,43,43,19,0
西藏,4.03,1,0,1,0,0,0,0
天津,4.03,180,3,140,3,3,0,0
台湾,4.03,348,5,50,19,19,0,0
四川,4.03,557,3,538,2,2,1,0
上海,4.03,529,6,348,3,3,5,0
陕西,4.03,256,3,245,1,1,1,0
山西,4.03,137,0,133,0,0,0,0
山东,4.03,778,7,755,0,0,1,0
青海,4.03,18,0,18,0,0,0,0
宁夏,4.03,75,0,75,0,0,0,0
内蒙古,4.03,117,1,74,0,0,0,0
辽宁,4.03,141,2,125,0,0,1,0
江西,4.03,937,1,935,0,0,0,0
江苏,4.03,651,0,632,0,0,0,0
吉林,4.03,98,1,92,0,0,0,0
湖南,4.03,1019,4,1014,0,0,0,0
湖北,4.03,67803,3207,63762,1,1,150,4
黑龙江,4.03,491,13,469,2,2,0,0
河南,4.03,1276,22,1251,0,0,0,0
河北,4.03,326,6,310,0,0,0,0
海南,4.03,168,6,162,0,0,0,0
贵州,4.03,147,2,144,0,0,0,0
广西,4.03,254,2,252,0,0,0,0
广东,4.03,1516,8,1378,2,2,10,0
甘肃,4.03,138,2,131,0,0,4,0
福建,4.03,350,1,301,1,1,1,0
北京,4.03,585,8,438,2,2,4,0
澳门,4.03,43,0,10,1,1,0,0
安徽,4.03,990,6,984,0,0,0,0
重庆,4.04,579,6,570,0,0,0,0
浙江,4.04,1263,1,1230,1,1,1,0
云南,4.04,184,2,172,0,0,0,0
新疆,4.04,76,3,73,0,0,0,0
香港,4.04,862,4,186,17,17,13,0
西藏,4.04,1,0,1,0,0,0,0
天津,4.04,180,3,144,0,0,4,0
台湾,4.04,355,5,50,7,7,0,0
四川,4.04,558,3,539,1,1,1,0
上海,4.04,531,6,356,2,2,8,0
陕西,4.04,256,3,245,0,0,0,0
山西,4.04,138,0,133,1,1,0,0
山东,4.04,779,7,755,1,1,0,0
青海,4.04,18,0,18,0,0,0,0
宁夏,4.04,75,0,75,0,0,0,0
内蒙古,4.04,117,1,74,0,0,0,0
辽宁,4.04,142,2,126,0,0,1,0
江西,4.04,937,1,935,0,0,0,0
江苏,4.04,651,0,633,0,0,1,0
吉林,4.04,98,1,92,0,0,0,0
湖南,4.04,1019,4,1014,0,0,0,0
湖北,4.04,67803,3210,63945,0,0,183,3
黑龙江,4.04,504,13,469,13,13,0,0
河南,4.04,1276,22,1251,0,0,0,0
河北,4.04,327,6,310,1,1,0,0
海南,4.04,168,6,162,0,0,0,0
贵州,4.04,147,2,144,0,0,0,0
广西,4.04,254,2,252,0,0,0,0
广东,4.04,1524,8,1387,8,8,9,0
甘肃,4.04,138,2,131,0,0,0,0
福建,4.04,350,1,303,0,0,2,0
北京,4.04,586,8,441,1,1,3,0
澳门,4.04,44,0,10,1,1,0,0
安徽,4.04,990,6,984,0,0,0,0
重庆,4.05,579,6,570,0,0,0,0
浙江,4.05,1264,1,1230,1,1,0,0
云南,4.05,184,2,172,0,0,0,0
新疆,4.05,76,3,73,0,0,0,0
香港,4.05,890,4,206,28,28,20,0
西藏,4.05,1,0,1,0,0,0,0
天津,4.05,180,3,144,0,0,0,0
台湾,4.05,363,5,54,8,8,4,0
四川,4.05,559,3,540,1,1,1,0
上海,4.05,536,6,383,5,5,27,0
陕西,4.05,256,3,246,0,0,1,0
山西,4.05,138,0,133,0,0,0,0
山东,4.05,780,7,755,1,1,0,0
青海,4.05,18,0,18,0,0,0,0
宁夏,4.05,75,0,75,0,0,0,0
内蒙古,4.05,118,1,74,1,1,0,0
辽宁,4.05,142,2,128,0,0,2,0
江西,4.05,937,1,935,0,0,0,0
江苏,4.05,651,0,633,0,0,0,0
吉林,4.05,98,1,92,0,0,0,0
湖南,4.05,1019,4,1014,0,0,0,0
湖北,4.05,67803,3212,64014,0,0,69,2
黑龙江,4.05,524,13,469,20,20,0,0
河南,4.05,1276,22,1252,0,0,1,0
河北,4.05,327,6,310,0,0,0,0
海南,4.05,168,6,162,0,0,0,0
贵州,4.05,147,2,144,0,0,0,0
广西,4.05,254,2,252,0,0,0,0
广东,4.05,1532,8,1395,8,8,8,0
甘肃,4.05,139,2,132,1,1,1,0
福建,4.05,350,1,305,0,0,2,0
北京,4.05,587,8,443,1,1,2,0
澳门,4.05,44,0,10,0,0,0,0
安徽,4.05,990,6,984,0,0,0,0
重庆,4.06,579,6,570,0,0,0,0
浙江,4.06,1265,1,1230,1,1,0,0
云南,4.06,184,2,173,0,0,1,0
新疆,4.06,76,3,73,0,0,0,0
香港,4.06,914,4,216,24,24,10,0
西藏,4.06,1,0,1,0,0,0,0
天津,4.06,180,3,151,0,0,7,0
台湾,4.06,373,5,54,10,10,0,0
四川,4.06,560,3,541,1,1,1,0
上海,4.06,538,6,389,2,2,6,0
陕西,4.06,256,3,246,0,0,0,0
山西,4.06,138,0,133,0,0,0,0
山东,4.06,781,7,755,1,1,0,0
青海,4.06,18,0,18,0,0,0,0
宁夏,4.06,75,0,75,0,0,0,0
内蒙古,4.06,121,1,74,3,3,0,0
辽宁,4.06,144,2,130,2,2,2,0
江西,4.06,937,1,935,0,0,0,0
江苏,4.06,651,0,633,0,0,0,0
吉林,4.06,98,1,92,0,0,0,0
湖南,4.06,1019,4,1014,0,0,0,0
湖北,4.06,67803,3212,64073,0,0,59,0
黑龙江,4.06,544,13,469,20,20,0,0
河南,4.06,1276,22,1252,0,0,0,0
河北,4.06,327,6,312,0,0,2,0
海南,4.06,168,6,162,0,0,0,0
贵州,4.06,147,2,144,0,0,0,0
广西,4.06,254,2,252,0,0,0,0
广东,4.06,1533,8,1401,1,1,6,0
甘肃,4.06,139,2,132,0,0,0,0
福建,4.06,351,1,305,1,1,0,0
北京,4.06,587,8,448,0,0,5,0
澳门,4.06,44,0,10,0,0,0,0
安徽,4.06,990,6,984,0,0,0,0
重庆,4.07,579,6,570,0,0,0,0
浙江,4.07,1266,1,1232,1,1,2,0
云南,4.07,184,2,173,0,0,0,0
新疆,4.07,76,3,73,0,0,0,0
香港,4.07,935,4,236,21,21,20,0
西藏,4.07,1,0,1,0,0,0,0
天津,4.07,180,3,152,0,0,1,0
台湾,4.07,376,5,61,3,3,7,0
四川,4.07,560,3,541,0,0,0,0
上海,4.07,543,7,406,5,5,17,1
陕西,4.07,256,3,246,0,0,0,0
山西,4.07,163,0,134,25,25,1,0
山东,4.07,783,7,755,2,2,0,0
青海,4.07,18,0,18,0,0,0,0
宁夏,4.07,75,0,75,0,0,0,0
内蒙古,4.07,124,1,74,3,3,0,0
辽宁,4.07,144,2,131,0,0,1,0
江西,4.07,937,1,935,0,0,0,0
江苏,4.07,651,0,633,0,0,0,0
吉林,4.07,98,1,92,0,0,0,0
湖南,4.07,1019,4,1014,0,0,0,0
湖北,4.07,67803,3213,64142,0,0,69,1
黑龙江,4.07,569,13,470,25,25,1,0
河南,4.07,1276,22,1252,0,0,0,0
河北,4.07,327,6,312,0,0,0,0
海南,4.07,168,6,162,0,0,0,0
贵州,4.07,147,2,144,0,0,0,0
广西,4.07,254,2,252,0,0,0,0
广东,4.07,1536,8,1411,3,3,10,0
甘肃,4.07,139,2,133,0,0,1,0
福建,4.07,351,1,307,0,0,2,0
北京,4.07,588,8,455,1,1,7,0
澳门,4.07,44,0,10,0,0,0,0
安徽,4.07,990,6,984,0,0,0,0
重庆,4.08,579,6,570,0,0,0,0
浙江,4.08,1267,1,1235,1,1,3,0
云南,4.08,184,2,173,0,0,0,0
新疆,4.08,76,3,73,0,0,0,0
香港,4.08,960,4,264,25,25,28,0
西藏,4.08,1,0,1,0,0,0,0
天津,4.08,181,3,152,1,1,0,0
台湾,4.08,379,5,67,3,3,6,0
四川,4.08,560,3,541,0,0,0,0
上海,4.08,552,7,417,9,9,11,0
陕西,4.08,256,3,246,0,0,0,0
山西,4.08,166,0,134,3,3,0,0
山东,4.08,783,7,756,0,0,1,0
青海,4.08,18,0,18,0,0,0,0
宁夏,4.08,75,0,75,0,0,0,0
内蒙古,4.08,126,1,79,2,2,5,0
辽宁,4.08,144,2,131,0,0,0,0
江西,4.08,937,1,935,0,0,0,0
江苏,4.08,651,0,633,0,0,0,0
吉林,4.08,98,1,93,0,0,1,0
湖南,4.08,1019,4,1014,0,0,0,0
湖北,4.08,67803,3215,64187,0,0,45,2
黑龙江,4.08,609,13,470,40,40,0,0
河南,4.08,1276,22,1252,0,0,0,0
河北,4.08,327,6,313,0,0,1,0
海南,4.08,168,6,162,0,0,0,0
贵州,4.08,147,2,144,0,0,0,0
广西,4.08,254,2,252,0,0,0,0
广东,4.08,1539,8,1423,3,3,12,0
甘肃,4.08,139,2,135,0,0,2,0
福建,4.08,351,1,308,0,0,1,0
北京,4.08,588,8,464,0,0,9,0
澳门,4.08,45,0,10,1,1,0,0
安徽,4.08,991,6,984,1,1,0,0
重庆,4.09,579,6,570,0,0,0,0
浙江,4.09,1267,1,1235,0,0,0,0
云南,4.09,184,2,173,0,0,0,0
新疆,4.09,76,3,73,0,0,0,0
香港,4.09,973,4,293,13,13,29,0
西藏,4.09,1,0,1,0,0,0,0
天津,4.09,182,3,154,1,1,2,0
台湾,4.09,380,5,80,1,1,13,0
四川,4.09,560,3,546,0,0,5,0
上海,4.09,555,7,422,3,3,5,0
陕西,4.09,256,3,246,0,0,0,0
山西,4.09,168,0,134,2,2,0,0
山东,4.09,783,7,756,0,0,0,0
青海,4.09,18,0,18,0,0,0,0
宁夏,4.09,75,0,75,0,0,0,0
内蒙古,4.09,128,1,79,2,2,0,0
辽宁,4.09,144,2,132,0,0,1,0
江西,4.09,937,1,936,0,0,1,0
江苏,4.09,651,0,634,0,0,1,0
吉林,4.09,98,1,95,0,0,2,0
湖南,4.09,1019,4,1014,0,0,0,0
湖北,4.09,67803,3216,64236,0,0,49,1
黑龙江,4.09,638,13,470,29,29,0,0
河南,4.09,1276,22,1252,0,0,0,0
河北,4.09,327,6,313,0,0,0,0
海南,4.09,168,6,162,0,0,0,0
贵州,4.09,147,2,144,0,0,0,0
广西,4.09,254,2,252,0,0,0,0
广东,4.09,1544,8,1434,5,5,11,0
甘肃,4.09,139,2,135,0,0,0,0
福建,4.09,351,1,311,0,0,3,0
北京,4.09,588,8,469,0,0,5,0
澳门,4.09,45,0,10,0,0,0,0
安徽,4.09,991,6,984,0,0,0,0
重庆,4.1,579,6,570,0,0,0,0
浙江,4.1,1267,1,1236,0,0,1,0
云南,4.1,184,2,174,0,0,1,0
新疆,4.1,76,3,73,0,0,0,0
香港,4.1,989,4,309,16,16,16,0
西藏,4.1,1,0,1,0,0,0,0
天津,4.1,183,3,158,1,1,4,0
台湾,4.1,382,6,91,2,2,11,1
四川,4.1,560,3,547,0,0,1,0
上海,4.1,555,7,435,0,0,13,0
陕西,4.1,256,3,248,0,0,2,0
山西,4.1,172,0,135,4,4,1,0
山东,4.1,784,7,757,1,1,1,0
青海,4.1,18,0,18,0,0,0,0
宁夏,4.1,75,0,75,0,0,0,0
内蒙古,4.1,155,1,79,27,27,0,0
辽宁,4.1,145,2,133,1,1,1,0
江西,4.1,937,1,936,0,0,0,0
江苏,4.1,652,0,636,1,1,2,0
吉林,4.1,98,1,96,0,0,1,0
湖南,4.1,1019,4,1014,0,0,0,0
湖北,4.1,67803,3219,64264,0,0,28,3
黑龙江,4.1,661,13,470,23,23,0,0
河南,4.1,1276,22,1252,0,0,0,0
河北,4.1,327,6,313,0,0,0,0
海南,4.1,168,6,162,0,0,0,0
贵州,4.1,147,2,144,0,0,0,0
广西,4.1,254,2,252,0,0,0,0
广东,4.1,1548,8,1437,4,4,3,0
甘肃,4.1,139,2,135,0,0,0,0
福建,4.1,351,1,317,0,0,6,0
北京,4.1,589,8,474,1,1,5,0
澳门,4.1,45,0,10,0,0,0,0
安徽,4.1,991,6,984,0,0,0,0
重庆,4.11,579,6,570,0,0,0,0
浙江,4.11,1267,1,1238,0,0,2,0
云南,4.11,184,2,174,0,0,0,0
新疆,4.11,76,3,73,0,0,0,0
香港,4.11,1000,4,336,11,11,27,0
西藏,4.11,1,0,1,0,0,0,0
天津,4.11,183,3,161,0,0,3,0
台湾,4.11,385,6,99,3,3,8,0
四川,4.11,560,3,547,0,0,0,0
上海,4.11,607,7,438,52,52,3,0
陕西,4.11,256,3,248,0,0,0,0
山西,4.11,172,0,135,0,0,0,0
山东,4.11,784,7,757,0,0,0,0
青海,4.11,18,0,18,0,0,0,0
宁夏,4.11,75,0,75,0,0,0,0
内蒙古,4.11,155,1,83,0,0,4,0
辽宁,4.11,145,2,136,0,0,3,0
江西,4.11,937,1,936,0,0,0,0
江苏,4.11,653,0,638,1,1,2,0
吉林,4.11,99,1,96,1,1,0,0
湖南,4.11,1019,4,1014,0,0,0,0
湖北,4.11,67803,3219,64281,0,0,17,0
黑龙江,4.11,684,13,470,23,23,0,0
河南,4.11,1276,22,1253,0,0,1,0
河北,4.11,327,6,313,0,0,0,0
海南,4.11,168,6,162,0,0,0,0
贵州,4.11,147,2,144,0,0,0,0
广西,4.11,254,2,252,0,0,0,0
广东,4.11,1552,8,1443,4,4,6,0
甘肃,4.11,139,2,135,0,0,0,0
福建,4.11,352,1,321,1,1,4,0
北京,4.11,589,8,479,0,0,5,0
澳门,4.11,45,0,10,0,0,0,0
安徽,4.11,991,6,984,0,0,0,0
重庆,4.12,579,6,570,0,0,0,0
浙江,4.12,1267,1,1239,0,0,1,0
云南,4.12,184,2,174,0,0,0,0
新疆,4.12,76,3,73,0,0,0,0
香港,4.12,1004,4,360,4,4,24,0
西藏,4.12,1,0,1,0,0,0,0
天津,4.12,184,3,161,1,1,0,0
台湾,4.12,388,6,109,3,3,10,0
四川,4.12,560,3,548,0,0,1,0
上海,4.12,618,7,446,11,11,8,0
陕西,4.12,256,3,248,0,0,0,0
山西,4.12,173,0,135,1,1,0,0
山东,4.12,784,7,758,0,0,1,0
青海,4.12,18,0,18,0,0,0,0
宁夏,4.12,75,0,75,0,0,0,0
内蒙古,4.12,190,1,83,35,35,0,0
辽宁,4.12,145,2,136,0,0,0,0
江西,4.12,937,1,936,0,0,0,0
江苏,4.12,653,0,638,0,0,0,0
吉林,4.12,100,1,96,1,1,0,0
湖南,4.12,1019,4,1014,0,0,0,0
湖北,4.12,67803,3221,64338,0,0,57,2
黑龙江,4.12,740,13,470,56,56,0,0
河南,4.12,1276,22,1253,0,0,0,0
河北,4.12,327,6,313,0,0,0,0
海南,4.12,168,6,162,0,0,0,0
贵州,4.12,147,2,144,0,0,0,0
广西,4.12,254,2,252,0,0,0,0
广东,4.12,1555,8,1454,3,3,11,0
甘肃,4.12,139,2,135,0,0,0,0
福建,4.12,352,1,325,1,1,4,0
北京,4.12,589,8,484,0,0,5,0
澳门,4.12,45,0,13,0,0,3,0
安徽,4.12,991,6,984,0,0,0,0
重庆,4.13,579,6,570,0,0,0,0
浙江,4.13,1267,1,1242,0,0,3,0
云南,4.13,184,2,175,0,0,1,0
新疆,4.13,76,3,73,0,0,0,0
香港,4.13,1009,4,397,5,5,37,0
西藏,4.13,1,0,1,0,0,0,0
天津,4.13,184,3,164,0,0,3,0
台湾,4.13,393,6,124,5,5,15,0
四川,4.13,560,3,548,0,0,0,0
上海,4.13,618,7,458,0,0,12,0
陕西,4.13,256,3,248,0,0,0,0
山西,4.13,173,0,135,0,0,0,0
山东,4.13,784,7,759,0,0,1,0
青海,4.13,18,0,18,0,0,0,0
宁夏,4.13,75,0,75,0,0,0,0
内蒙古,4.13,190,1,91,0,0,8,0
辽宁,4.13,145,2,138,0,0,2,0
江西,4.13,937,1,936,0,0,0,0
江苏,4.13,653,0,641,0,0,3,0
吉林,4.13,100,1,96,0,0,0,0
湖南,4.13,1019,4,1014,0,0,0,0
湖北,4.13,67803,3221,64363,0,0,25,0
黑龙江,4.13,819,13,470,79,79,0,0
河南,4.13,1276,22,1254,0,0,1,0
河北,4.13,327,6,314,0,0,1,0
海南,4.13,168,6,162,0,0,0,0
贵州,4.13,147,2,144,0,0,0,0
广西,4.13,254,2,252,0,0,0,0
广东,4.13,1564,8,1458,9,9,4,0
甘肃,4.13,139,2,135,0,0,0,0
福建,4.13,353,1,329,1,1,4,0
北京,4.13,589,8,491,0,0,7,0
澳门,4.13,45,0,13,0,0,0,0
安徽,4.13,991,6,984,0,0,0,0
重庆,4.14,579,6,570,0,0,0,0
浙江,4.14,1268,1,1244,1,1,2,0
云南,4.14,184,2,176,0,0,1,0
新疆,4.14,76,3,73,0,0,0,0
香港,4.14,1012,4,434,3,3,37,0
西藏,4.14,1,0,1,0,0,0,0
天津,4.14,185,3,168,1,1,4,0
台湾,4.14,393,6,124,0,0,0,0
四川,4.14,560,3,550,0,0,2,0
上海,4.14,622,7,468,4,4,10,0
陕西,4.14,256,3,251,0,0,3,0
山西,4.14,186,0,135,13,13,0,0
山东,4.14,784,7,761,0,0,2,0
青海,4.14,18,0,18,0,0,0,0
宁夏,4.14,75,0,75,0,0,0,0
内蒙古,4.14,190,1,94,0,0,3,0
辽宁,4.14,145,2,138,0,0,0,0
江西,4.14,937,1,936,0,0,0,0
江苏,4.14,653,0,642,0,0,1,0
吉林,4.14,102,1,96,2,2,0,0
湖南,4.14,1019,4,1014,0,0,0,0
湖北,4.14,67803,3222,64402,0,0,39,1
黑龙江,4.14,841,13,470,22,22,0,0
河南,4.14,1276,22,1254,0,0,0,0
河北,4.14,327,6,314,0,0,0,0
海南,4.14,168,6,162,0,0,0,0
贵州,4.14,147,2,144,0,0,0,0
广西,4.14,254,2,252,0,0,0,0
广东,4.14,1566,8,1462,2,2,4,0
甘肃,4.14,139,2,136,0,0,1,0
福建,4.14,353,1,331,0,0,2,0
北京,4.14,590,8,495,1,1,4,0
澳门,4.14,45,0,15,0,0,2,0
安徽,4.14,991,6,984,0,0,0,0
重庆,4.15,579,6,570,0,0,0,0
浙江,4.15,1268,1,1244,0,0,0,0
云南,4.15,184,2,176,0,0,0,0
新疆,4.15,76,3,73,0,0,0,0
香港,4.15,1016,4,485,4,4,51,0
西藏,4.15,1,0,1,0,0,0,0
天津,4.15,186,3,172,1,1,4,0
台湾,4.15,395,6,137,2,2,13,0
四川,4.15,560,3,552,0,0,2,0
上海,4.15,628,7,489,6,6,21,0
陕西,4.15,256,3,251,0,0,0,0
山西,4.15,194,0,135,8,8,0,0
山东,4.15,784,7,761,0,0,0,0
青海,4.15,18,0,18,0,0,0,0
宁夏,4.15,75,0,75,0,0,0,0
内蒙古,4.15,193,1,94,3,3,0,0
辽宁,4.15,145,2,138,0,0,0,0
江西,4.15,937,1,936,0,0,0,0
江苏,4.15,653,0,642,0,0,0,0
吉林,4.15,102,1,96,0,0,0,0
湖南,4.15,1019,4,1014,0,0,0,0
湖北,4.15,67803,3222,64435,0,0,33,0
黑龙江,4.15,861,13,471,20,20,1,0
河南,4.15,1276,22,1254,0,0,0,0
河北,4.15,328,6,315,1,1,1,0
海南,4.15,168,6,162,0,0,0,0
贵州,4.15,147,2,144,0,0,0,0
广西,4.15,254,2,252,0,0,0,0
广东,4.15,1571,8,1471,5,5,9,0
甘肃,4.15,139,2,137,0,0,1,0
福建,4.15,353,1,333,0,0,2,0
北京,4.15,593,8,503,3,3,8,0
澳门,4.15,45,0,15,0,0,0,0
安徽,4.15,991,6,984,0,0,0,0
重庆,4.16,579,6,570,0,0,0,0
浙江,4.16,1268,1,1246,0,0,2,0
云南,4.16,184,2,177,0,0,1,0
新疆,4.16,76,3,73,0,0,0,0
香港,4.16,1017,4,485,1,1,0,0
西藏,4.16,1,0,1,0,0,0,0
天津,4.16,189,3,172,4,4,0,0
台湾,4.16,395,6,155,2,2,18,0
四川,4.16,560,3,552,0,0,0,0
上海,4.16,628,7,512,0,0,23,0
陕西,4.16,256,3,252,0,0,1,0
山西,4.16,197,0,135,3,3,0,0
山东,4.16,787,7,761,3,3,0,0
青海,4.16,18,0,18,0,0,0,0
宁夏,4.16,75,0,75,0,0,0,0
内蒙古,4.16,193,1,103,0,0,9,0
辽宁,4.16,146,2,140,1,1,2,0
江西,4.16,937,1,936,0,0,0,0
江苏,4.16,653,0,643,0,0,1,0
吉林,4.16,102,1,97,0,0,1,0
湖南,4.16,1019,4,1014,0,0,0,0
湖北,4.16,68128,4512,63487,0,0,17,0
黑龙江,4.16,872,13,471,11,11,0,0
河南,4.16,1276,22,1254,0,0,0,0
河北,4.16,328,6,316,0,0,1,0
海南,4.16,168,6,162,0,0,0,0
贵州,4.16,147,2,144,0,0,0,0
广西,4.16,254,2,252,0,0,0,0
广东,4.16,1577,8,1475,6,6,4,0
甘肃,4.16,139,2,137,0,0,0,0
福建,4.16,354,1,334,1,1,1,0
北京,4.16,593,8,509,0,0,6,0
澳门,4.16,45,0,16,0,0,1,0
安徽,4.16,991,6,984,0,0,0,0
重庆,4.17,579,6,570,0,0,0,0
浙江,4.17,1268,1,1246,0,0,0,0
云南,4.17,184,2,177,0,0,0,0
新疆,4.17,76,3,73,0,0,0,0
香港,4.17,1021,4,532,4,4,47,0
西藏,4.17,1,0,1,0,0,0,0
天津,4.17,189,3,173,3,3,1,0
台湾,4.17,395,6,166,0,0,11,0
四川,4.17,561,3,553,1,1,1,0
上海,4.17,628,7,512,0,0,0,0
陕西,4.17,256,3,252,0,0,0,0
山西,4.17,197,0,135,0,0,0,0
山东,4.17,787,7,765,0,0,4,0
青海,4.17,18,0,18,0,0,0,0
宁夏,4.17,75,0,75,0,0,0,0
内蒙古,4.17,193,1,104,0,0,1,0
辽宁,4.17,146,2,142,0,0,2,0
江西,4.17,937,1,936,0,0,0,0
江苏,4.17,653,0,643,0,0,0,0
吉林,4.17,102,1,97,0,0,0,0
湖南,4.17,1019,4,1015,0,0,1,0
湖北,4.17,68128,4512,63494,0,0,7,0
黑龙江,4.17,892,13,472,20,20,1,0
河南,4.17,1276,22,1254,0,0,0,0
河北,4.17,328,6,316,0,0,0,0
海南,4.17,168,6,162,0,0,0,0
贵州,4.17,147,2,144,0,0,0,0
广西,4.17,254,2,252,0,0,0,0
广东,4.17,1579,8,1482,2,2,7,0
甘肃,4.17,139,2,137,0,0,0,0
福建,4.17,355,1,336,1,1,2,0
北京,4.17,593,8,509,0,0,0,0
澳门,4.17,45,0,17,0,0,1,0
安徽,4.17,991,6,984,0,0,0,0
重庆,4.18,579,6,570,0,0,0,0
浙江,4.18,1268,1,1247,0,0,1,0
云南,4.18,184,2,178,0,0,1,0
新疆,4.18,76,3,73,0,0,0,0
香港,4.18,1023,4,568,2,2,36,0
西藏,4.18,1,0,1,0,0,0,0
天津,4.18,189,3,173,0,0,0,0
台湾,4.18,398,6,178,3,3,12,0
四川,4.18,561,3,554,0,0,1,0
上海,4.18,635,7,521,7,7,9,0
陕西,4.18,256,3,252,0,0,0,0
山西,4.18,197,0,135,0,0,0,0
山东,4.18,787,7,765,0,0,0,0
青海,4.18,18,0,18,0,0,0,0
宁夏,4.18,75,0,75,0,0,0,0
内蒙古,4.18,193,1,104,0,0,0,0
辽宁,4.18,146,2,142,0,0,0,0
江西,4.18,937,1,936,0,0,0,0
江苏,4.18,653,0,643,0,0,0,0
吉林,4.18,104,1,97,2,2,0,0
湖南,4.18,1019,4,1015,0,0,0,0
湖北,4.18,68128,4512,63507,0,0,13,0
黑龙江,4.18,898,13,472,6,6,0,0
河南,4.18,1276,22,1254,0,0,0,0
河北,4.18,328,6,316,0,0,0,0
海南,4.18,168,6,162,0,0,0,0
贵州,4.18,147,2,145,0,0,1,0
广西,4.18,254,2,252,0,0,0,0
广东,4.18,1580,8,1490,1,1,8,0
甘肃,4.18,139,2,137,0,0,0,0
福建,4.18,355,1,339,0,0,3,0
北京,4.18,593,8,510,0,0,1,0
澳门,4.18,45,0,17,0,0,0,0
安徽,4.18,991,6,984,0,0,0,0
重庆,4.19,579,6,570,0,0,0,0
浙江,4.19,1268,1,1249,0,0,2,0
云南,4.19,184,2,178,0,0,0,0
新疆,4.19,76,3,73,0,0,0,0
香港,4.19,1025,4,602,2,2,34,0
西藏,4.19,1,0,1,0,0,0,0
天津,4.19,189,3,174,0,0,1,0
台湾,4.19,420,6,189,22,22,11,0
四川,4.19,561,3,554,0,0,0,0
上海,4.19,638,7,530,3,3,9,0
陕西,4.19,256,3,252,0,0,0,0
山西,4.19,197,0,135,0,0,0,0
山东,4.19,787,7,765,0,0,0,0
青海,4.19,18,0,18,0,0,0,0
宁夏,4.19,75,0,75,0,0,0,0
内蒙古,4.19,194,1,104,1,1,0,0
辽宁,4.19,146,2,143,0,0,1,0
江西,4.19,937,1,936,0,0,0,0
江苏,4.19,653,0,643,0,0,0,0
吉林,4.19,104,1,97,0,0,0,0
湖南,4.19,1019,4,1015,0,0,0,0
湖北,4.19,68128,4512,63511,0,0,4,0
黑龙江,4.19,905,13,472,7,7,0,0
河南,4.19,1276,22,1254,0,0,0,0
河北,4.19,328,6,317,0,0,1,0
海南,4.19,168,6,162,0,0,0,0
贵州,4.19,147,2,145,0,0,0,0
广西,4.19,254,2,252,0,0,0,0
广东,4.19,1581,8,1494,1,1,4,0
甘肃,4.19,139,2,137,0,0,0,0
福建,4.19,355,1,339,0,0,0,0
北京,4.19,593,8,514,0,0,4,0
澳门,4.19,45,0,20,0,0,3,0
安徽,4.19,991,6,984,0,0,0,0
重庆,4.2,579,6,570,0,0,0,0
浙江,4.2,1268,1,1251,0,0,2,0
云南,4.2,184,2,178,0,0,0,0
新疆,4.2,76,3,73,0,0,0,0
香港,4.2,1025,4,630,0,0,28,0
西藏,4.2,1,0,1,0,0,0,0
天津,4.2,189,3,174,0,0,0,0
台湾,4.2,422,6,203,2,2,14,0
四川,4.2,561,3,554,0,0,0,0
上海,4.2,638,7,530,0,0,0,0
陕西,4.2,277,3,253,21,21,1,0
山西,4.2,197,0,140,0,0,5,0
山东,4.2,787,7,765,0,0,0,0
青海,4.2,18,0,18,0,0,0,0
宁夏,4.2,75,0,75,0,0,0,0
内蒙古,4.2,194,1,108,0,0,4,0
辽宁,4.2,146,2,143,0,0,0,0
江西,4.2,937,1,936,0,0,0,0
江苏,4.2,653,0,644,0,0,1,0
吉林,4.2,106,1,97,2,2,0,0
湖南,4.2,1019,4,1015,0,0,0,0
湖北,4.2,68128,4512,63511,0,0,0,0
黑龙江,4.2,913,13,475,8,8,3,0
河南,4.2,1276,22,1254,0,0,0,0
河北,4.2,328,6,317,0,0,0,0
海南,4.2,168,6,162,0,0,0,0
贵州,4.2,147,2,145,0,0,0,0
广西,4.2,254,2,252,0,0,0,0
广东,4.2,1582,8,1501,1,1,7,0
甘肃,4.2,139,2,137,0,0,0,0
福建,4.2,355,1,341,0,0,2,0
北京,4.2,593,8,516,0,0,2,0
澳门,4.2,45,0,22,0,0,2,0
安徽,4.2,991,6,984,0,0,0,0
重庆,4.21,579,6,570,0,0,0,0
浙江,4.21,1268,1,1252,0,0,1,0
云南,4.21,184,2,178,0,0,0,0
新疆,4.21,76,3,73,0,0,0,0
香港,4.21,1029,4,650,4,4,20,0
西藏,4.21,1,0,1,0,0,0,0
天津,4.21,189,3,176,0,0,2,0
台湾,4.21,426,6,236,4,4,33,0
四川,4.21,561,3,556,0,0,2,0
上海,4.21,639,7,532,1,1,2,0
陕西,4.21,279,3,253,21,21,0,0
山西,4.21,197,0,140,0,0,0,0
山东,4.21,787,7,766,0,0,1,0
青海,4.21,18,0,18,0,0,0,0
宁夏,4.21,75,0,75,0,0,0,0
内蒙古,4.21,194,1,108,0,0,0,0
辽宁,4.21,146,2,143,0,0,0,0
江西,4.21,937,1,936,0,0,0,0
江苏,4.21,653,0,645,0,0,1,0
吉林,4.21,106,1,98,0,0,1,0
湖南,4.21,1019,4,1015,0,0,0,0
湖北,4.21,68128,4512,63519,0,0,8,0
黑龙江,4.21,921,13,477,8,8,2,0
河南,4.21,1276,22,1254,0,0,0,0
河北,4.21,328,6,317,0,0,0,0
海南,4.21,168,6,162,0,0,0,0
贵州,4.21,147,2,145,0,0,0,0
广西,4.21,254,2,252,0,0,0,0
广东,4.21,1582,8,1511,0,0,10,0
甘肃,4.21,139,2,137,0,0,0,0
福建,4.21,355,1,342,0,0,1,0
北京,4.21,593,8,518,0,0,2,0
澳门,4.21,45,0,22,0,0,0,0
安徽,4.21,991,6,984,0,0,0,0
重庆,4.22,579,6,570,0,0,0,0
浙江,4.22,1268,1,1252,0,0,0,0
云南,4.22,184,2,178,0,0,0,0
新疆,4.22,76,3,73,0,0,0,0
香港,4.22,1033,4,678,4,4,28,0
西藏,4.22,1,0,1,0,0,0,0
天津,4.22,189,3,178,0,0,2,0
台湾,4.22,427,6,253,2,2,17,0
四川,4.22,561,3,557,0,0,1,0
上海,4.22,640,7,533,1,1,1,0
陕西,4.22,279,3,253,0,0,0,0
山西,4.22,197,0,142,0,0,2,0
山东,4.22,787,7,766,0,0,0,0
青海,4.22,18,0,18,0,0,0,0
宁夏,4.22,75,0,75,0,0,0,0
内蒙古,4.22,194,1,108,0,0,0,0
辽宁,4.22,146,2,143,0,0,0,0
江西,4.22,937,1,936,0,0,0,0
江苏,4.22,653,0,645,0,0,0,0
吉林,4.22,107,1,98,1,1,0,0
湖南,4.22,1019,4,1015,0,0,0,0
湖北,4.22,68128,4512,63547,0,0,28,0
黑龙江,4.22,925,13,485,4,4,8,0
河南,4.22,1276,22,1254,0,0,0,0
河北,4.22,328,6,317,0,0,0,0
海南,4.22,168,6,162,0,0,0,0
贵州,4.22,147,2,145,0,0,0,0
广西,4.22,254,2,252,0,0,0,0
广东,4.22,1584,8,1518,2,2,7,0
甘肃,4.22,139,2,137,0,0,0,0
福建,4.22,355,1,342,0,0,0,0
北京,4.22,593,8,522,0,0,4,0
澳门,4.22,45,0,26,0,0,4,0
安徽,4.22,991,6,984,0,0,0,0
重庆,4.23,579,6,573,0,0,3,0
浙江,4.23,1268,1,1256,0,0,4,0
云南,4.23,184,2,180,0,0,2,0
新疆,4.23,76,3,73,0,0,0,0
香港,4.23,1035,4,699,2,2,21,0
西藏,4.23,1,0,1,0,0,0,0
天津,4.23,189,3,179,0,0,1,0
台湾,4.23,427,6,253,1,1,0,0
四川,4.23,561,3,558,0,0,1,0
上海,4.23,641,7,533,1,1,0,0
陕西,4.23,279,3,253,0,0,0,0
山西,4.23,197,0,142,0,0,0,0
山东,4.23,787,7,766,0,0,0,0
青海,4.23,18,0,18,0,0,0,0
宁夏,4.23,75,0,75,0,0,0,0
内蒙古,4.23,194,1,108,0,0,0,0
辽宁,4.23,146,2,143,0,0,0,0
江西,4.23,937,1,936,0,0,0,0
江苏,4.23,653,0,646,0,0,1,0
吉林,4.23,108,1,99,1,1,1,0
湖南,4.23,1019,4,1015,0,0,0,0
湖北,4.23,68128,4512,63569,0,0,22,0
黑龙江,4.23,928,13,485,3,3,0,0
河南,4.23,1276,22,1254,0,0,0,0
河北,4.23,328,6,317,0,0,0,0
海南,4.23,168,6,162,0,0,0,0
贵州,4.23,147,2,145,0,0,0,0
广西,4.23,254,2,252,0,0,0,0
广东,4.23,1585,8,1528,1,1,10,0
甘肃,4.23,139,2,137,0,0,0,0
福建,4.23,355,1,346,0,0,4,0
北京,4.23,593,8,524,0,0,2,0
澳门,4.23,45,0,27,0,0,1,0
安徽,4.23,991,6,984,0,0,0,0
重庆,4.24,579,6,573,0,0,0,0
浙江,4.24,1268,1,1256,0,0,0,0
云南,4.24,185,2,180,1,1,0,0
新疆,4.24,76,3,73,0,0,0,0
香港,4.24,1035,4,725,0,0,26,0
西藏,4.24,1,0,1,0,0,0,0
天津,4.24,190,3,181,1,1,2,0
台湾,4.24,428,6,264,2,2,11,0
四川,4.24,561,3,558,0,0,0,0
上海,4.24,641,7,547,,0,14,0
陕西,4.24,286,3,253,7,7,0,0
山西,4.24,197,0,149,0,0,7,0
山东,4.24,787,7,767,0,0,1,0
青海,4.24,18,0,18,0,0,0,0
宁夏,4.24,75,0,75,0,0,0,0
内蒙古,4.24,197,1,114,3,3,6,0
辽宁,4.24,146,2,143,0,0,0,0
江西,4.24,937,1,936,0,0,0,0
江苏,4.24,653,0,646,0,0,0,0
吉林,4.24,109,1,99,1,1,0,0
湖南,4.24,1019,4,1015,0,0,0,0
湖北,4.24,68128,4512,63593,0,0,24,0
黑龙江,4.24,930,13,508,2,2,23,0
河南,4.24,1276,22,1254,0,0,0,0
河北,4.24,328,6,318,0,0,1,0
海南,4.24,168,6,162,0,0,0,0
贵州,4.24,147,2,145,0,0,0,0
广西,4.24,254,2,252,0,0,0,0
广东,4.24,1585,8,1534,0,0,6,0
甘肃,4.24,139,2,137,0,0,0,0
福建,4.24,355,1,349,0,0,3,0
北京,4.24,593,8,525,0,0,1,0
澳门,4.24,45,0,27,0,0,0,0
安徽,4.24,991,6,985,0,0,1,0
重庆,4.25,579,6,573,0,0,0,0
浙江,4.25,1268,1,1257,0,0,1,0
云南,4.25,185,2,181,0,0,1,0
新疆,4.25,76,3,73,0,0,0,0
香港,4.25,1037,4,753,2,2,28,0
西藏,4.25,1,0,1,0,0,0,0
天津,4.25,190,3,182,0,0,1,0
台湾,4.25,429,6,275,1,1,11,0
四川,4.25,561,3,558,0,0,0,0
上海,4.25,642,7,558,1,1,11,0
陕西,4.25,286,3,253,0,0,0,0
山西,4.25,197,0,154,0,0,5,0
山东,4.25,787,7,767,0,0,0,0
青海,4.25,18,0,18,0,0,0,0
宁夏,4.25,75,0,75,0,0,0,0
内蒙古,4.25,198,1,121,1,1,7,0
辽宁,4.25,146,2,143,0,0,0,0
江西,4.25,937,1,936,0,0,0,0
江苏,4.25,653,0,646,0,0,0,0
吉林,4.25,109,1,99,0,0,0,0
湖南,4.25,1019,4,1015,0,0,0,0
湖北,4.25,68128,4512,63604,0,0,11,0
黑龙江,4.25,935,13,511,5,5,3,0
河南,4.25,1276,22,1254,0,0,0,0
河北,4.25,328,6,318,0,0,0,0
海南,4.25,168,6,162,0,0,0,0
贵州,4.25,147,2,145,0,0,0,0
广西,4.25,254,2,252,0,0,0,0
广东,4.25,1586,8,1542,1,1,8,0
甘肃,4.25,139,2,137,0,0,0,0
福建,4.25,355,1,349,0,0,0,0
北京,4.25,593,8,525,0,0,0,0
澳门,4.25,45,0,28,0,0,1,0
安徽,4.25,991,6,985,0,0,0,0
重庆,4.26,579,6,573,0,0,0,0
浙江,4.26,1268,1,1258,0,0,1,0
云南,4.26,185,2,181,0,0,0,0
新疆,4.26,76,3,73,0,0,0,0
香港,4.26,1037,4,772,0,0,19,0
西藏,4.26,1,0,1,0,0,0,0
天津,4.26,190,3,182,0,0,0,0
台湾,4.26,429,6,281,0,0,6,0
四川,4.26,561,3,558,0,0,0,0
上海,4.26,642,7,568,0,0,10,0
陕西,4.26,286,3,253,0,0,0,0
山西,4.26,197,0,157,0,0,3,0
山东,4.26,787,7,768,0,0,1,0
青海,4.26,18,0,18,0,0,0,0
宁夏,4.26,75,0,75,0,0,0,0
内蒙古,4.26,198,1,129,0,0,8,0
辽宁,4.26,146,2,143,0,0,0,0
江西,4.26,937,1,936,0,0,0,0
江苏,4.26,653,0,646,0,0,0,0
吉林,4.26,110,1,99,1,1,0,0
湖南,4.26,1019,4,1015,0,0,0,0
湖北,4.26,68128,4512,63616,0,0,12,0
黑龙江,4.26,936,13,556,1,1,45,0
河南,4.26,1276,22,1254,0,0,0,0
河北,4.26,328,6,318,0,0,0,0
海南,4.26,168,6,162,0,0,0,0
贵州,4.26,147,2,145,0,0,0,0
广西,4.26,254,2,252,0,0,0,0
广东,4.26,1587,8,1542,1,1,0,0
甘肃,4.26,139,2,137,0,0,0,0
福建,4.26,355,1,349,0,0,0,0
北京,4.26,593,9,525,0,0,0,1
澳门,4.26,45,0,31,0,0,3,0
安徽,4.26,991,6,985,0,0,0,0
重庆,4.27,579,6,573,0,0,0,0
浙江,4.27,1268,1,1261,0,0,3,0
云南,4.27,185,2,181,0,0,0,0
新疆,4.27,76,3,73,0,0,0,0
香港,4.27,1037,4,787,0,0,15,0
西藏,4.27,1,0,1,0,0,0,0
天津,4.27,190,3,182,0,0,0,0
台湾,4.27,429,6,290,0,0,9,0
四川,4.27,561,3,558,0,0,0,0
上海,4.27,644,7,581,2,2,13,0
陕西,4.27,306,3,253,20,20,0,0
山西,4.27,197,0,160,0,0,3,0
山东,4.27,787,7,768,0,0,0,0
青海,4.27,18,0,18,0,0,0,0
宁夏,4.27,75,0,75,0,0,0,0
内蒙古,4.27,199,1,145,1,1,16,0
辽宁,4.27,146,2,143,0,0,0,0
江西,4.27,937,1,936,0,0,0,0
江苏,4.27,653,0,646,0,0,0,0
吉林,4.27,110,1,99,0,0,0,0
湖南,4.27,1019,4,1015,0,0,0,0
湖北,4.27,68128,4512,63616,0,0,0,0
黑龙江,4.27,939,13,586,3,3,30,0
河南,4.27,1276,22,1254,0,0,0,0
河北,4.27,328,6,318,0,0,0,0
海南,4.27,168,6,162,0,0,0,0
贵州,4.27,147,2,145,0,0,0,0
广西,4.27,254,2,252,0,0,0,0
广东,4.27,1587,8,1547,0,0,5,0
甘肃,4.27,139,2,137,0,0,0,0
福建,4.27,355,1,349,0,0,0,0
北京,4.27,593,9,536,0,0,11,0
澳门,4.27,45,0,32,0,0,1,0
安徽,4.27,991,6,985,0,0,0,0
重庆,4.28,579,6,573,0,0,0,0
浙江,4.28,1268,1,1262,0,0,1,0
云南,4.28,185,2,181,0,0,0,0
新疆,4.28,76,3,73,0,0,0,0
香港,4.28,1037,4,811,0,0,24,0
西藏,4.28,1,0,1,0,0,0,0
天津,4.28,190,3,183,0,0,1,0
台湾,4.28,429,6,307,0,0,17,0
四川,4.28,561,3,558,0,0,0,0
上海,4.28,645,7,584,1,1,3,0
陕西,4.28,306,3,253,0,0,0,0
山西,4.28,197,0,160,0,0,0,0
山东,4.28,787,7,771,0,0,3,0
青海,4.28,18,0,18,0,0,0,0
宁夏,4.28,75,0,75,0,0,0,0
内蒙古,4.28,199,1,146,0,0,1,0
辽宁,4.28,146,2,143,0,0,0,0
江西,4.28,937,1,936,0,0,0,0
江苏,4.28,653,0,647,0,0,1,0
吉林,4.28,110,1,99,0,0,0,0
湖南,4.28,1019,4,1015,0,0,0,0
湖北,4.28,68128,4512,63616,0,0,0,0
黑龙江,4.28,939,13,587,0,0,1,0
河南,4.28,1276,22,1254,0,0,0,0
河北,4.28,328,6,318,0,0,0,0
海南,4.28,168,6,162,0,0,0,0
贵州,4.28,147,2,145,0,0,0,0
广西,4.28,254,2,252,0,0,0,0
广东,4.28,1588,8,1554,1,1,7,0
甘肃,4.28,139,2,137,0,0,0,0
福建,4.28,355,1,352,0,0,3,0
北京,4.28,593,9,538,0,0,2,0
澳门,4.28,45,0,33,0,0,1,0
安徽,4.28,991,6,985,0,0,0,0
重庆,4.29,579,6,573,0,0,0,0
浙江,4.29,1268,1,1263,0,0,1,0
云南,4.29,185,2,181,0,0,0,0
新疆,4.29,76,3,73,0,0,0,0
香港,4.29,1037,4,830,0,0,19,0
西藏,4.29,1,0,1,0,0,0,0
天津,4.29,190,3,183,0,0,0,0
台湾,4.29,429,6,311,0,0,4,0
四川,4.29,561,3,558,0,0,0,0
上海,4.29,647,7,597,2,2,13,0
陕西,4.29,306,3,253,0,0,0,0
山西,4.29,197,0,164,0,0,4,0
山东,4.29,787,7,772,0,0,1,0
青海,4.29,18,0,18,0,0,0,0
宁夏,4.29,75,0,75,0,0,0,0
内蒙古,4.29,200,1,150,1,1,4,0
辽宁,4.29,146,2,143,0,0,0,0
江西,4.29,937,1,936,0,0,0,0
江苏,4.29,653,0,648,0,0,1,0
吉林,4.29,111,1,99,1,1,0,0
湖南,4.29,1019,4,1015,0,0,0,0
湖北,4.29,68128,4512,63616,0,0,0,0
黑龙江,4.29,939,13,587,0,0,0,0
河南,4.29,1276,22,1254,0,0,0,0
河北,4.29,328,6,318,0,0,0,0
海南,4.29,168,6,162,0,0,0,0
贵州,4.29,147,2,145,0,0,0,0
广西,4.29,254,2,252,0,0,0,0
广东,4.29,1588,8,1557,0,0,3,0
甘肃,4.29,139,2,137,0,0,0,0
福建,4.29,355,1,353,0,0,1,0
北京,4.29,593,9,542,0,0,4,0
澳门,4.29,45,0,34,0,0,1,0
安徽,4.29,991,6,985,0,0,0,0
重庆,4.3,579,6,573,0,0,0,0
浙江,4.3,1268,1,1264,0,0,1,0
云南,4.3,185,2,181,0,0,0,0
新疆,4.3,76,3,73,0,0,0,0
香港,4.3,1037,4,846,0,0,16,0
西藏,4.3,1,0,1,0,0,0,0
天津,4.3,190,3,184,0,0,1,0
台湾,4.3,429,6,322,0,0,11,0
四川,4.3,561,3,558,0,0,0,0
上海,4.3,652,7,599,5,5,2,0
陕西,4.3,306,3,254,0,0,1,0
山西,4.3,197,0,172,0,0,8,0
山东,4.3,787,7,772,0,0,0,0
青海,4.3,18,0,18,0,0,0,0
宁夏,4.3,75,0,75,0,0,0,0
内蒙古,4.3,201,1,152,1,1,2,0
辽宁,4.3,146,2,143,0,0,0,0
江西,4.3,937,1,936,0,0,0,0
江苏,4.3,653,0,650,0,0,2,0
吉林,4.3,111,1,101,0,0,2,0
湖南,4.3,1019,4,1015,0,0,0,0
湖北,4.3,68128,4512,63616,0,0,0,0
黑龙江,4.3,944,13,587,5,5,0,0
河南,4.3,1276,22,1254,0,0,0,0
河北,4.3,328,6,318,0,0,0,0
海南,4.3,168,6,162,0,0,0,0
贵州,4.3,147,2,145,0,0,0,0
广西,4.3,254,2,252,0,0,0,0
广东,4.3,1588,8,1565,0,0,8,0
甘肃,4.3,139,2,137,0,0,0,0
福建,4.3,356,1,353,1,1,0,0
北京,4.3,593,9,547,0,0,5,0
澳门,4.3,45,0,35,0,0,1,0
安徽,4.3,991,6,985,0,0,0,0
重庆,5.01,579,6,573,0,0,0,0
浙江,5.01,1268,1,1265,0,0,1,0
云南,5.01,185,2,181,0,0,0,0
新疆,5.01,76,3,73,0,0,0,0
香港,5.01,1039,4,859,2,2,13,0
西藏,5.01,1,0,1,0,0,0,0
天津,5.01,190,3,185,0,0,1,0
台湾,5.01,429,6,324,0,0,2,0
四川,5.01,561,3,558,0,0,0,0
上海,5.01,652,7,612,0,0,13,0
陕西,5.01,306,3,255,0,0,1,0
山西,5.01,197,0,176,0,0,4,0
山东,5.01,787,7,772,0,0,0,0
青海,5.01,18,0,18,0,0,0,0
宁夏,5.01,75,0,75,0,0,0,0
内蒙古,5.01,201,1,154,0,0,2,0
辽宁,5.01,146,2,144,0,0,1,0
江西,5.01,937,1,936,0,0,0,0
江苏,5.01,653,0,650,0,0,0,0
吉林,5.01,112,1,102,1,1,1,0
湖南,5.01,1019,4,1015,0,0,0,0
湖北,5.01,68128,4512,63616,0,0,0,0
黑龙江,5.01,944,13,604,0,0,17,0
河南,5.01,1276,22,1254,0,0,0,0
河北,5.01,328,6,318,0,0,0,0
海南,5.01,168,6,162,0,0,0,0
贵州,5.01,147,2,145,0,0,0,0
广西,5.01,254,2,252,0,0,0,0
广东,5.01,1588,8,1567,0,0,2,0
甘肃,5.01,139,2,137,0,0,0,0
福建,5.01,356,1,353,0,0,0,0
北京,5.01,593,9,547,0,0,0,0
澳门,5.01,45,0,37,0,0,2,0
安徽,5.01,991,6,985,0,0,0,0
重庆,5.02,579,6,573,0,0,0,0
浙江,5.02,1268,1,1265,0,0,0,0
云南,5.02,185,2,181,0,0,0,0
新疆,5.02,76,3,73,0,0,0,0
香港,5.02,1039,4,864,0,0,5,0
西藏,5.02,1,0,1,0,0,0,0
天津,5.02,190,3,186,0,0,1,0
台湾,5.02,432,6,324,3,3,0,0
四川,5.02,561,3,558,0,0,0,0
上海,5.02,653,7,613,1,1,1,0
陕西,5.02,306,3,260,0,0,5,0
山西,5.02,198,0,176,1,1,0,0
山东,5.02,787,7,772,0,0,0,0
青海,5.02,18,0,18,0,0,0,0
宁夏,5.02,75,0,75,0,0,0,0
内蒙古,5.02,201,1,154,0,0,0,0
辽宁,5.02,146,2,144,0,0,0,0
江西,5.02,937,1,936,0,0,0,0
江苏,5.02,653,0,650,0,0,0,0
吉林,5.02,112,1,103,0,0,1,0
湖南,5.02,1019,4,1015,0,0,0,0
湖北,5.02,68128,4512,63616,0,0,0,0
黑龙江,5.02,944,13,620,0,0,16,0
河南,5.02,1276,22,1254,0,0,0,0
河北,5.02,328,6,318,0,0,0,0
海南,5.02,168,6,162,0,0,0,0
贵州,5.02,147,2,145,0,0,0,0
广西,5.02,254,2,252,0,0,0,0
广东,5.02,1588,8,1567,0,0,0,0
甘肃,5.02,139,2,137,0,0,0,0
福建,5.02,356,1,353,0,0,0,0
北京,5.02,593,9,551,0,0,4,0
澳门,5.02,45,0,38,0,0,1,0
安徽,5.02,991,6,985,0,0,0,0
重庆,5.03,579,6,573,0,0,0,0
浙江,5.03,1268,1,1265,0,0,0,0
云南,5.03,185,2,181,0,0,0,0
新疆,5.03,76,3,73,0,0,0,0
香港,5.03,1039,4,879,0,0,15,0
西藏,5.03,1,0,1,0,0,0,0
天津,5.03,190,3,186,0,0,0,0
台湾,5.03,436,6,332,4,4,8,0
四川,5.03,561,3,558,0,0,0,0
上海,5.03,655,7,615,2,2,2,0
陕西,5.03,306,3,263,0,0,3,0
山西,5.03,198,0,180,0,0,4,0
山东,5.03,788,7,773,1,1,1,0
青海,5.03,18,0,18,0,0,0,0
宁夏,5.03,75,0,75,0,0,0,0
内蒙古,5.03,201,1,156,0,0,2,0
辽宁,5.03,146,2,144,0,0,0,0
江西,5.03,937,1,936,0,0,0,0
江苏,5.03,653,0,650,0,0,0,0
吉林,5.03,112,1,103,0,0,0,0
湖南,5.03,1019,4,1015,0,0,0,0
湖北,5.03,68128,4512,63616,0,0,0,0
黑龙江,5.03,944,13,657,0,0,37,0
河南,5.03,1276,22,1254,0,0,0,0
河北,5.03,328,6,318,0,0,0,0
海南,5.03,168,6,162,0,0,0,0
贵州,5.03,147,2,145,0,0,0,0
广西,5.03,254,2,252,0,0,0,0
广东,5.03,1588,8,1569,0,0,2,0
甘肃,5.03,139,2,137,0,0,0,0
福建,5.03,356,1,353,0,0,0,0
北京,5.03,593,9,553,0,0,2,0
澳门,5.03,45,0,39,0,0,1,0
安徽,5.03,991,6,985,0,0,0,0
重庆,5.04,579,6,573,0,0,0,0
浙江,5.04,1268,1,1267,0,0,2,0
云南,5.04,185,2,181,0,0,0,0
新疆,5.04,76,3,73,0,0,0,0
香港,5.04,1040,4,900,1,1,21,0
西藏,5.04,1,0,1,0,0,0,0
天津,5.04,190,3,186,0,0,0,0
台湾,5.04,438,6,334,6,6,2,0
四川,5.04,561,3,558,0,0,0,0
上海,5.04,656,7,619,1,1,4,0
陕西,5.04,306,3,263,0,0,0,0
山西,5.04,198,0,190,0,0,10,0
山东,5.04,788,7,773,0,0,0,0
青海,5.04,18,0,18,0,0,0,0
宁夏,5.04,75,0,75,0,0,0,0
内蒙古,5.04,201,1,160,0,0,4,0
辽宁,5.04,146,2,144,0,0,0,0
江西,5.04,937,1,936,0,0,0,0
江苏,5.04,653,0,650,0,0,0,0
吉林,5.04,112,1,103,0,0,0,0
湖南,5.04,1019,4,1015,0,0,0,0
湖北,5.04,68128,4512,63616,0,0,0,0
黑龙江,5.04,944,13,719,0,0,62,0
河南,5.04,1276,22,1254,0,0,0,0
河北,5.04,328,6,320,0,0,2,0
海南,5.04,168,6,162,0,0,0,0
贵州,5.04,147,2,145,0,0,0,0
广西,5.04,254,2,252,0,0,0,0
广东,5.04,1588,8,1571,0,0,2,0
甘肃,5.04,139,2,137,0,0,0,0
福建,5.04,356,1,353,0,0,0,0
北京,5.04,593,9,554,0,0,1,0
澳门,5.04,45,0,39,0,0,0,0
安徽,5.04,991,6,985,0,0,0,0
重庆,5.05,579,6,573,0,0,0,0
浙江,5.05,1268,1,1267,0,0,0,0
云南,5.05,185,2,181,0,0,0,0
新疆,5.05,76,3,73,0,0,0,0
香港,5.05,1040,4,920,0,0,20,0
西藏,5.05,1,0,1,0,0,0,0
天津,5.05,190,3,186,0,0,0,0
台湾,5.05,438,6,334,0,0,0,0
四川,5.05,561,3,558,0,0,0,0
上海,5.05,656,7,620,0,0,1,0
陕西,5.05,308,3,264,2,2,1,0
山西,5.05,198,0,193,0,0,3,0
山东,5.05,788,7,775,0,0,2,0
青海,5.05,18,0,18,0,0,0,0
宁夏,5.05,75,0,75,0,0,0,0
内蒙古,5.05,201,1,167,0,0,7,0
辽宁,5.05,146,2,144,0,0,0,0
江西,5.05,937,1,936,0,0,0,0
江苏,5.05,653,0,650,0,0,0,0
吉林,5.05,112,1,103,0,0,0,0
湖南,5.05,1019,4,1015,0,0,0,0
湖北,5.05,68128,4512,63616,0,0,0,0
黑龙江,5.05,944,13,758,0,0,39,0
河南,5.05,1276,22,1254,0,0,0,0
河北,5.05,328,6,320,0,0,0,0
海南,5.05,168,6,162,0,0,0,0
贵州,5.05,147,2,145,0,0,0,0
广西,5.05,254,2,252,0,0,0,0
广东,5.05,1588,8,1575,0,0,4,0
甘肃,5.05,139,2,137,0,0,0,0
福建,5.05,356,1,353,0,0,0,0
北京,5.05,593,9,555,0,0,1,0
澳门,5.05,45,0,39,0,0,0,0
安徽,5.05,991,6,985,0,0,0,0
重庆,5.06,579,6,573,0,0,0,0
浙江,5.06,1268,1,1267,0,0,0,0
云南,5.06,185,2,181,0,0,0,0
新疆,5.06,76,3,73,0,0,0,0
香港,5.06,1040,4,932,0,0,12,0
西藏,5.06,1,0,1,0,0,0,0
天津,5.06,190,3,186,0,0,0,0
台湾,5.06,439,6,339,1,1,5,0
四川,5.06,561,3,558,0,0,0,0
上海,5.06,657,7,620,1,1,0,0
陕西,5.06,308,3,266,0,0,2,0
山西,5.06,198,0,194,0,0,1,0
山东,5.06,788,7,775,0,0,0,0
青海,5.06,18,0,18,0,0,0,0
宁夏,5.06,75,0,75,0,0,0,0
内蒙古,5.06,201,1,171,0,0,4,0
辽宁,5.06,146,2,144,0,0,0,0
江西,5.06,937,1,936,0,0,0,0
江苏,5.06,653,0,651,0,0,1,0
吉林,5.06,112,1,103,0,0,0,0
湖南,5.06,1019,4,1015,0,0,0,0
湖北,5.06,68128,4512,63616,0,0,0,0
黑龙江,5.06,944,13,793,0,0,35,0
河南,5.06,1276,22,1254,0,0,0,0
河北,5.06,328,6,320,0,0,0,0
海南,5.06,168,6,162,0,0,0,0
贵州,5.06,147,2,145,0,0,0,0
广西,5.06,254,2,252,0,0,0,0
广东,5.06,1589,8,1575,1,1,0,0
甘肃,5.06,139,2,137,0,0,0,0
福建,5.06,356,1,354,0,0,1,0
北京,5.06,593,9,557,0,0,2,0
澳门,5.06,45,0,40,0,0,1,0
安徽,5.06,991,6,985,0,0,0,0
重庆,5.07,579,6,573,0,0,0,0
浙江,5.07,1268,1,1267,0,0,0,0
云南,5.07,185,2,182,0,0,1,0
新疆,5.07,76,3,73,0,0,0,0
香港,5.07,1044,4,944,4,4,12,0
西藏,5.07,1,0,1,0,0,0,0
天津,5.07,190,3,186,0,0,0,0
台湾,5.07,440,6,347,1,1,8,0
四川,5.07,561,3,558,0,0,0,0
上海,5.07,657,7,623,0,0,3,0
陕西,5.07,308,3,268,0,0,2,0
山西,5.07,198,0,195,0,0,1,0
山东,5.07,788,7,776,0,0,1,0
青海,5.07,18,0,18,0,0,0,0
宁夏,5.07,75,0,75,0,0,0,0
内蒙古,5.07,201,1,172,0,0,1,0
辽宁,5.07,146,2,144,0,0,0,0
江西,5.07,937,1,936,0,0,0,0
江苏,5.07,653,0,652,0,0,1,0
吉林,5.07,113,1,104,1,1,1,0
湖南,5.07,1019,4,1015,0,0,0,0
湖北,5.07,68128,4512,63616,0,0,0,0
黑龙江,5.07,944,13,815,0,0,22,0
河南,5.07,1276,22,1254,0,0,0,0
河北,5.07,328,6,320,0,0,0,0
海南,5.07,168,6,162,0,0,0,0
贵州,5.07,147,2,145,0,0,0,0
广西,5.07,254,2,252,0,0,0,0
广东,5.07,1589,8,1575,0,0,0,0
甘肃,5.07,139,2,137,0,0,0,0
福建,5.07,356,1,354,0,0,0,0
北京,5.07,593,9,560,0,0,3,0
澳门,5.07,45,0,40,0,0,0,0
安徽,5.07,991,6,985,0,0,0,0
